2025-11-21 00:26:28 [main] INFO  a.b.logistica.LogisticaApplication - Starting LogisticaApplication v0.0.1-SNAPSHOT using Java 21.0.9 with PID 1 (/app.jar started by root in /)
2025-11-21 00:26:28 [main] INFO  a.b.logistica.LogisticaApplication - No active profile set, falling back to 1 default profile: "default"
2025-11-21 00:26:34 [main] INFO  o.s.d.r.c.RepositoryConfigurationDelegate - Bootstrapping Spring Data JPA repositories in DEFAULT mode.
2025-11-21 00:26:34 [main] INFO  o.s.d.r.c.RepositoryConfigurationDelegate - Finished Spring Data repository scanning in 674 ms. Found 8 JPA repository interfaces.
2025-11-21 00:26:36 [main] INFO  o.s.cloud.context.scope.GenericScope - BeanFactory id=2607686d-9688-3043-8508-967b7d09f508
2025-11-21 00:26:37 [main] WARN  o.s.c.s.PostProcessorRegistrationDelegate$BeanPostProcessorChecker - Bean 'org.springframework.cloud.client.loadbalancer.LoadBalancerAutoConfiguration$DeferringLoadBalancerInterceptorConfig' of type [org.springframework.cloud.client.loadbalancer.LoadBalancerAutoConfiguration$DeferringLoadBalancerInterceptorConfig] is not eligible for getting processed by all BeanPostProcessors (for example: not eligible for auto-proxying). The currently created BeanPostProcessor [lbRestClientPostProcessor] is declared through a non-static factory method on that class; consider declaring it as static instead.
2025-11-21 00:26:37 [main] WARN  o.s.c.s.PostProcessorRegistrationDelegate$BeanPostProcessorChecker - Bean 'deferringLoadBalancerInterceptor' of type [org.springframework.cloud.client.loadbalancer.DeferringLoadBalancerInterceptor] is not eligible for getting processed by all BeanPostProcessors (for example: not eligible for auto-proxying). Is this bean getting eagerly injected/applied to a currently created BeanPostProcessor [lbRestClientPostProcessor]? Check the corresponding BeanPostProcessor declaration and its dependencies/advisors. If this bean does not have to be post-processed, declare it with ROLE_INFRASTRUCTURE.
2025-11-21 00:26:37 [main] WARN  o.s.c.s.PostProcessorRegistrationDelegate$BeanPostProcessorChecker - Bean 'org.springframework.cloud.client.loadbalancer.reactive.LoadBalancerBeanPostProcessorAutoConfiguration' of type [org.springframework.cloud.client.loadbalancer.reactive.LoadBalancerBeanPostProcessorAutoConfiguration] is not eligible for getting processed by all BeanPostProcessors (for example: not eligible for auto-proxying). The currently created BeanPostProcessor [loadBalancerWebClientBuilderBeanPostProcessor] is declared through a non-static factory method on that class; consider declaring it as static instead.
2025-11-21 00:26:37 [main] WARN  o.s.c.s.PostProcessorRegistrationDelegate$BeanPostProcessorChecker - Bean 'org.springframework.cloud.client.loadbalancer.reactive.LoadBalancerBeanPostProcessorAutoConfiguration$ReactorDeferringLoadBalancerFilterConfig' of type [org.springframework.cloud.client.loadbalancer.reactive.LoadBalancerBeanPostProcessorAutoConfiguration$ReactorDeferringLoadBalancerFilterConfig] is not eligible for getting processed by all BeanPostProcessors (for example: not eligible for auto-proxying). Is this bean getting eagerly injected/applied to a currently created BeanPostProcessor [loadBalancerWebClientBuilderBeanPostProcessor]? Check the corresponding BeanPostProcessor declaration and its dependencies/advisors. If this bean does not have to be post-processed, declare it with ROLE_INFRASTRUCTURE.
2025-11-21 00:26:37 [main] WARN  o.s.c.s.PostProcessorRegistrationDelegate$BeanPostProcessorChecker - Bean 'reactorDeferringLoadBalancerExchangeFilterFunction' of type [org.springframework.cloud.client.loadbalancer.reactive.DeferringLoadBalancerExchangeFilterFunction] is not eligible for getting processed by all BeanPostProcessors (for example: not eligible for auto-proxying). Is this bean getting eagerly injected/applied to a currently created BeanPostProcessor [loadBalancerWebClientBuilderBeanPostProcessor]? Check the corresponding BeanPostProcessor declaration and its dependencies/advisors. If this bean does not have to be post-processed, declare it with ROLE_INFRASTRUCTURE.
2025-11-21 00:26:39 [main] INFO  o.s.b.w.e.tomcat.TomcatWebServer - Tomcat initialized with port 8081 (http)
2025-11-21 00:26:39 [main] INFO  o.a.catalina.core.StandardService - Starting service [Tomcat]
2025-11-21 00:26:39 [main] INFO  o.a.catalina.core.StandardEngine - Starting Servlet engine: [Apache Tomcat/10.1.31]
2025-11-21 00:26:40 [main] INFO  o.a.c.c.C.[Tomcat].[localhost].[/] - Initializing Spring embedded WebApplicationContext
2025-11-21 00:26:40 [main] INFO  o.s.b.w.s.c.ServletWebServerApplicationContext - Root WebApplicationContext: initialization completed in 11152 ms
2025-11-21 00:26:41 [main] INFO  o.h.jpa.internal.util.LogHelper - HHH000204: Processing PersistenceUnitInfo [name: default]
2025-11-21 00:26:41 [main] INFO  org.hibernate.Version - HHH000412: Hibernate ORM core version 6.5.3.Final
2025-11-21 00:26:41 [main] INFO  o.h.c.i.RegionFactoryInitiator - HHH000026: Second-level cache disabled
2025-11-21 00:26:42 [main] INFO  o.s.o.j.p.SpringPersistenceUnitInfo - No LoadTimeWeaver setup: ignoring JPA class transformer
2025-11-21 00:26:42 [main] INFO  com.zaxxer.hikari.HikariDataSource - HikariPool-1 - Starting...
2025-11-21 00:26:42 [main] INFO  com.zaxxer.hikari.pool.HikariPool - HikariPool-1 - Added connection org.postgresql.jdbc.PgConnection@10f397d0
2025-11-21 00:26:42 [main] INFO  com.zaxxer.hikari.HikariDataSource - HikariPool-1 - Start completed.
2025-11-21 00:26:42 [main] WARN  org.hibernate.orm.deprecation - HHH90000025: PostgreSQLDialect does not need to be specified explicitly using 'hibernate.dialect' (remove the property setting and it will be selected by default)
2025-11-21 00:26:45 [main] INFO  o.h.e.t.j.p.i.JtaPlatformInitiator - HHH000489: No JTA platform available (set 'hibernate.transaction.jta.platform' to enable JTA platform integration)
2025-11-21 00:26:45 [main] INFO  o.s.o.j.LocalContainerEntityManagerFactoryBean - Initialized JPA EntityManagerFactory for persistence unit 'default'
2025-11-21 00:26:48 [main] WARN  o.s.b.a.o.j.JpaBaseConfiguration$JpaWebConfiguration - spring.jpa.open-in-view is enabled by default. Therefore, database queries may be performed during view rendering. Explicitly configure spring.jpa.open-in-view to disable this warning
2025-11-21 00:26:51 [main] INFO  o.s.c.n.e.c.DiscoveryClientOptionalArgsConfiguration - Eureka HTTP Client uses RestTemplate.
2025-11-21 00:26:51 [main] WARN  o.s.c.l.c.LoadBalancerCacheAutoConfiguration$LoadBalancerCaffeineWarnLogger - Spring Cloud LoadBalancer is currently working with the default cache. While this cache implementation is useful for development and tests, it's recommended to use Caffeine cache in production.You can switch to using Caffeine cache, by adding it and org.springframework.cache.caffeine.CaffeineCacheManager to the classpath.
2025-11-21 00:26:51 [main] INFO  o.s.c.n.eureka.InstanceInfoFactory - Setting initial instance status as: STARTING
2025-11-21 00:26:51 [main] INFO  c.netflix.discovery.DiscoveryClient - Initializing Eureka in region us-east-1
2025-11-21 00:26:51 [main] INFO  c.n.d.s.r.aws.ConfigClusterResolver - Resolving eureka endpoints via configuration
2025-11-21 00:26:51 [main] INFO  c.netflix.discovery.DiscoveryClient - Disable delta property : false
2025-11-21 00:26:51 [main] INFO  c.netflix.discovery.DiscoveryClient - Single vip registry refresh property : null
2025-11-21 00:26:51 [main] INFO  c.netflix.discovery.DiscoveryClient - Force full registry fetch : false
2025-11-21 00:26:51 [main] INFO  c.netflix.discovery.DiscoveryClient - Application is null : false
2025-11-21 00:26:51 [main] INFO  c.netflix.discovery.DiscoveryClient - Registered Applications size is zero : true
2025-11-21 00:26:51 [main] INFO  c.netflix.discovery.DiscoveryClient - Application version is -1: true
2025-11-21 00:26:51 [main] INFO  c.netflix.discovery.DiscoveryClient - Getting all instance registry info from the eureka server
2025-11-21 00:26:52 [main] INFO  c.netflix.discovery.DiscoveryClient - The response status is 200
2025-11-21 00:26:52 [main] INFO  c.netflix.discovery.DiscoveryClient - Starting heartbeat executor: renew interval is: 30
2025-11-21 00:26:52 [main] INFO  c.n.discovery.InstanceInfoReplicator - InstanceInfoReplicator onDemand update allowed rate per min is 4
2025-11-21 00:26:52 [main] INFO  c.netflix.discovery.DiscoveryClient - Discovery Client initialized at timestamp 1763684812386 with initial instances count: 0
2025-11-21 00:26:52 [main] INFO  o.s.c.n.e.s.EurekaServiceRegistry - Registering application LOGISTICA with eureka with status UP
2025-11-21 00:26:52 [main] INFO  c.netflix.discovery.DiscoveryClient - Saw local status change event StatusChangeEvent [timestamp=1763684812403, current=UP, previous=STARTING]
2025-11-21 00:26:52 [DiscoveryClient-InstanceInfoReplicator-%d] INFO  c.netflix.discovery.DiscoveryClient - DiscoveryClient_LOGISTICA/logistica:8081: registering service...
2025-11-21 00:26:52 [main] INFO  o.s.b.w.e.tomcat.TomcatWebServer - Tomcat started on port 8081 (http) with context path '/'
2025-11-21 00:26:52 [main] INFO  o.s.c.n.e.s.EurekaAutoServiceRegistration - Updating port to 8081
2025-11-21 00:26:52 [main] INFO  a.b.logistica.LogisticaApplication - Started LogisticaApplication in 26.587 seconds (process running for 29.493)
2025-11-21 00:26:52 [DiscoveryClient-InstanceInfoReplicator-%d] INFO  c.netflix.discovery.DiscoveryClient - DiscoveryClient_LOGISTICA/logistica:8081 - registration status: 204
2025-11-21 00:27:06 [SpringApplicationShutdownHook] INFO  o.s.c.n.e.s.EurekaServiceRegistry - Unregistering application LOGISTICA with eureka with status DOWN
2025-11-21 00:27:06 [SpringApplicationShutdownHook] INFO  c.netflix.discovery.DiscoveryClient - Saw local status change event StatusChangeEvent [timestamp=1763684826717, current=DOWN, previous=UP]
2025-11-21 00:27:06 [DiscoveryClient-InstanceInfoReplicator-%d] INFO  c.netflix.discovery.DiscoveryClient - DiscoveryClient_LOGISTICA/logistica:8081: registering service...
2025-11-21 00:27:06 [DiscoveryClient-InstanceInfoReplicator-%d] INFO  c.netflix.discovery.DiscoveryClient - DiscoveryClient_LOGISTICA/logistica:8081 - registration status: 204
2025-11-21 00:27:06 [SpringApplicationShutdownHook] INFO  o.s.o.j.LocalContainerEntityManagerFactoryBean - Closing JPA EntityManagerFactory for persistence unit 'default'
2025-11-21 00:27:06 [SpringApplicationShutdownHook] INFO  com.zaxxer.hikari.HikariDataSource - HikariPool-1 - Shutdown initiated...
2025-11-21 00:27:06 [SpringApplicationShutdownHook] INFO  com.zaxxer.hikari.HikariDataSource - HikariPool-1 - Shutdown completed.
2025-11-21 00:27:06 [SpringApplicationShutdownHook] INFO  c.netflix.discovery.DiscoveryClient - Shutting down DiscoveryClient ...
2025-11-21 00:27:47 [main] INFO  a.b.logistica.LogisticaApplication - Starting LogisticaApplication v0.0.1-SNAPSHOT using Java 21.0.9 with PID 1 (/app.jar started by root in /)
2025-11-21 00:27:47 [main] INFO  a.b.logistica.LogisticaApplication - No active profile set, falling back to 1 default profile: "default"
2025-11-21 00:27:53 [main] INFO  o.s.d.r.c.RepositoryConfigurationDelegate - Bootstrapping Spring Data JPA repositories in DEFAULT mode.
2025-11-21 00:27:54 [main] INFO  o.s.d.r.c.RepositoryConfigurationDelegate - Finished Spring Data repository scanning in 862 ms. Found 8 JPA repository interfaces.
2025-11-21 00:27:56 [main] INFO  o.s.cloud.context.scope.GenericScope - BeanFactory id=2607686d-9688-3043-8508-967b7d09f508
2025-11-21 00:27:57 [main] WARN  o.s.c.s.PostProcessorRegistrationDelegate$BeanPostProcessorChecker - Bean 'org.springframework.cloud.client.loadbalancer.LoadBalancerAutoConfiguration$DeferringLoadBalancerInterceptorConfig' of type [org.springframework.cloud.client.loadbalancer.LoadBalancerAutoConfiguration$DeferringLoadBalancerInterceptorConfig] is not eligible for getting processed by all BeanPostProcessors (for example: not eligible for auto-proxying). The currently created BeanPostProcessor [lbRestClientPostProcessor] is declared through a non-static factory method on that class; consider declaring it as static instead.
2025-11-21 00:27:57 [main] WARN  o.s.c.s.PostProcessorRegistrationDelegate$BeanPostProcessorChecker - Bean 'deferringLoadBalancerInterceptor' of type [org.springframework.cloud.client.loadbalancer.DeferringLoadBalancerInterceptor] is not eligible for getting processed by all BeanPostProcessors (for example: not eligible for auto-proxying). Is this bean getting eagerly injected/applied to a currently created BeanPostProcessor [lbRestClientPostProcessor]? Check the corresponding BeanPostProcessor declaration and its dependencies/advisors. If this bean does not have to be post-processed, declare it with ROLE_INFRASTRUCTURE.
2025-11-21 00:27:57 [main] WARN  o.s.c.s.PostProcessorRegistrationDelegate$BeanPostProcessorChecker - Bean 'org.springframework.cloud.client.loadbalancer.reactive.LoadBalancerBeanPostProcessorAutoConfiguration' of type [org.springframework.cloud.client.loadbalancer.reactive.LoadBalancerBeanPostProcessorAutoConfiguration] is not eligible for getting processed by all BeanPostProcessors (for example: not eligible for auto-proxying). The currently created BeanPostProcessor [loadBalancerWebClientBuilderBeanPostProcessor] is declared through a non-static factory method on that class; consider declaring it as static instead.
2025-11-21 00:27:57 [main] WARN  o.s.c.s.PostProcessorRegistrationDelegate$BeanPostProcessorChecker - Bean 'org.springframework.cloud.client.loadbalancer.reactive.LoadBalancerBeanPostProcessorAutoConfiguration$ReactorDeferringLoadBalancerFilterConfig' of type [org.springframework.cloud.client.loadbalancer.reactive.LoadBalancerBeanPostProcessorAutoConfiguration$ReactorDeferringLoadBalancerFilterConfig] is not eligible for getting processed by all BeanPostProcessors (for example: not eligible for auto-proxying). Is this bean getting eagerly injected/applied to a currently created BeanPostProcessor [loadBalancerWebClientBuilderBeanPostProcessor]? Check the corresponding BeanPostProcessor declaration and its dependencies/advisors. If this bean does not have to be post-processed, declare it with ROLE_INFRASTRUCTURE.
2025-11-21 00:27:57 [main] WARN  o.s.c.s.PostProcessorRegistrationDelegate$BeanPostProcessorChecker - Bean 'reactorDeferringLoadBalancerExchangeFilterFunction' of type [org.springframework.cloud.client.loadbalancer.reactive.DeferringLoadBalancerExchangeFilterFunction] is not eligible for getting processed by all BeanPostProcessors (for example: not eligible for auto-proxying). Is this bean getting eagerly injected/applied to a currently created BeanPostProcessor [loadBalancerWebClientBuilderBeanPostProcessor]? Check the corresponding BeanPostProcessor declaration and its dependencies/advisors. If this bean does not have to be post-processed, declare it with ROLE_INFRASTRUCTURE.
2025-11-21 00:27:59 [main] INFO  o.s.b.w.e.tomcat.TomcatWebServer - Tomcat initialized with port 8081 (http)
2025-11-21 00:27:59 [main] INFO  o.a.catalina.core.StandardService - Starting service [Tomcat]
2025-11-21 00:27:59 [main] INFO  o.a.catalina.core.StandardEngine - Starting Servlet engine: [Apache Tomcat/10.1.31]
2025-11-21 00:28:00 [main] INFO  o.a.c.c.C.[Tomcat].[localhost].[/] - Initializing Spring embedded WebApplicationContext
2025-11-21 00:28:00 [main] INFO  o.s.b.w.s.c.ServletWebServerApplicationContext - Root WebApplicationContext: initialization completed in 12139 ms
2025-11-21 00:28:02 [main] INFO  o.h.jpa.internal.util.LogHelper - HHH000204: Processing PersistenceUnitInfo [name: default]
2025-11-21 00:28:02 [main] INFO  org.hibernate.Version - HHH000412: Hibernate ORM core version 6.5.3.Final
2025-11-21 00:28:02 [main] INFO  o.h.c.i.RegionFactoryInitiator - HHH000026: Second-level cache disabled
2025-11-21 00:28:04 [main] INFO  o.s.o.j.p.SpringPersistenceUnitInfo - No LoadTimeWeaver setup: ignoring JPA class transformer
2025-11-21 00:28:04 [main] INFO  com.zaxxer.hikari.HikariDataSource - HikariPool-1 - Starting...
2025-11-21 00:28:04 [main] INFO  com.zaxxer.hikari.pool.HikariPool - HikariPool-1 - Added connection org.postgresql.jdbc.PgConnection@10fc1a22
2025-11-21 00:28:04 [main] INFO  com.zaxxer.hikari.HikariDataSource - HikariPool-1 - Start completed.
2025-11-21 00:28:04 [main] WARN  org.hibernate.orm.deprecation - HHH90000025: PostgreSQLDialect does not need to be specified explicitly using 'hibernate.dialect' (remove the property setting and it will be selected by default)
2025-11-21 00:28:07 [main] INFO  o.h.e.t.j.p.i.JtaPlatformInitiator - HHH000489: No JTA platform available (set 'hibernate.transaction.jta.platform' to enable JTA platform integration)
2025-11-21 00:28:07 [main] WARN  o.h.e.jdbc.spi.SqlExceptionHelper - SQL Warning Code: 0, SQLState: 00000
2025-11-21 00:28:07 [main] WARN  o.h.e.jdbc.spi.SqlExceptionHelper - constraint "uk1c96wv36rk2hwui7qhjks3mvg" of relation "clientes" does not exist, skipping
2025-11-21 00:28:07 [main] WARN  o.h.e.jdbc.spi.SqlExceptionHelper - SQL Warning Code: 0, SQLState: 00000
2025-11-21 00:28:07 [main] WARN  o.h.e.jdbc.spi.SqlExceptionHelper - constraint "ukoeryptqjmhhu3wcfuowpv5t5o" of relation "solicitudes" does not exist, skipping
2025-11-21 00:28:07 [main] WARN  o.h.e.jdbc.spi.SqlExceptionHelper - SQL Warning Code: 0, SQLState: 00000
2025-11-21 00:28:07 [main] WARN  o.h.e.jdbc.spi.SqlExceptionHelper - constraint "ukiv5wy95kxmg6omuu41luqgnwn" of relation "solicitudes" does not exist, skipping
2025-11-21 00:28:07 [main] INFO  o.s.o.j.LocalContainerEntityManagerFactoryBean - Initialized JPA EntityManagerFactory for persistence unit 'default'
2025-11-21 00:28:11 [main] WARN  o.s.b.a.o.j.JpaBaseConfiguration$JpaWebConfiguration - spring.jpa.open-in-view is enabled by default. Therefore, database queries may be performed during view rendering. Explicitly configure spring.jpa.open-in-view to disable this warning
2025-11-21 00:28:13 [main] INFO  o.s.c.n.e.c.DiscoveryClientOptionalArgsConfiguration - Eureka HTTP Client uses RestTemplate.
2025-11-21 00:28:14 [main] WARN  o.s.c.l.c.LoadBalancerCacheAutoConfiguration$LoadBalancerCaffeineWarnLogger - Spring Cloud LoadBalancer is currently working with the default cache. While this cache implementation is useful for development and tests, it's recommended to use Caffeine cache in production.You can switch to using Caffeine cache, by adding it and org.springframework.cache.caffeine.CaffeineCacheManager to the classpath.
2025-11-21 00:28:14 [main] INFO  o.s.c.n.eureka.InstanceInfoFactory - Setting initial instance status as: STARTING
2025-11-21 00:28:14 [main] INFO  c.netflix.discovery.DiscoveryClient - Initializing Eureka in region us-east-1
2025-11-21 00:28:14 [main] INFO  c.n.d.s.r.aws.ConfigClusterResolver - Resolving eureka endpoints via configuration
2025-11-21 00:28:14 [main] INFO  c.netflix.discovery.DiscoveryClient - Disable delta property : false
2025-11-21 00:28:14 [main] INFO  c.netflix.discovery.DiscoveryClient - Single vip registry refresh property : null
2025-11-21 00:28:14 [main] INFO  c.netflix.discovery.DiscoveryClient - Force full registry fetch : false
2025-11-21 00:28:14 [main] INFO  c.netflix.discovery.DiscoveryClient - Application is null : false
2025-11-21 00:28:14 [main] INFO  c.netflix.discovery.DiscoveryClient - Registered Applications size is zero : true
2025-11-21 00:28:14 [main] INFO  c.netflix.discovery.DiscoveryClient - Application version is -1: true
2025-11-21 00:28:14 [main] INFO  c.netflix.discovery.DiscoveryClient - Getting all instance registry info from the eureka server
2025-11-21 00:28:15 [main] INFO  c.netflix.discovery.DiscoveryClient - The response status is 200
2025-11-21 00:28:15 [main] INFO  c.netflix.discovery.DiscoveryClient - Starting heartbeat executor: renew interval is: 30
2025-11-21 00:28:15 [main] INFO  c.n.discovery.InstanceInfoReplicator - InstanceInfoReplicator onDemand update allowed rate per min is 4
2025-11-21 00:28:15 [main] INFO  c.netflix.discovery.DiscoveryClient - Discovery Client initialized at timestamp 1763684895133 with initial instances count: 0
2025-11-21 00:28:15 [main] INFO  o.s.c.n.e.s.EurekaServiceRegistry - Registering application LOGISTICA with eureka with status UP
2025-11-21 00:28:15 [main] INFO  c.netflix.discovery.DiscoveryClient - Saw local status change event StatusChangeEvent [timestamp=1763684895148, current=UP, previous=STARTING]
2025-11-21 00:28:15 [DiscoveryClient-InstanceInfoReplicator-%d] INFO  c.netflix.discovery.DiscoveryClient - DiscoveryClient_LOGISTICA/logistica:8081: registering service...
2025-11-21 00:28:15 [main] INFO  o.s.b.w.e.tomcat.TomcatWebServer - Tomcat started on port 8081 (http) with context path '/'
2025-11-21 00:28:15 [main] INFO  o.s.c.n.e.s.EurekaAutoServiceRegistration - Updating port to 8081
2025-11-21 00:28:15 [main] INFO  a.b.logistica.LogisticaApplication - Started LogisticaApplication in 31.138 seconds (process running for 33.904)
2025-11-21 00:28:15 [DiscoveryClient-InstanceInfoReplicator-%d] INFO  c.netflix.discovery.DiscoveryClient - DiscoveryClient_LOGISTICA/logistica:8081 - registration status: 204
2025-11-21 00:28:45 [DiscoveryClient-CacheRefreshExecutor-%d] INFO  c.netflix.discovery.DiscoveryClient - Disable delta property : false
2025-11-21 00:28:45 [DiscoveryClient-CacheRefreshExecutor-%d] INFO  c.netflix.discovery.DiscoveryClient - Single vip registry refresh property : null
2025-11-21 00:28:45 [DiscoveryClient-CacheRefreshExecutor-%d] INFO  c.netflix.discovery.DiscoveryClient - Force full registry fetch : false
2025-11-21 00:28:45 [DiscoveryClient-CacheRefreshExecutor-%d] INFO  c.netflix.discovery.DiscoveryClient - Application is null : false
2025-11-21 00:28:45 [DiscoveryClient-CacheRefreshExecutor-%d] INFO  c.netflix.discovery.DiscoveryClient - Registered Applications size is zero : true
2025-11-21 00:28:45 [DiscoveryClient-CacheRefreshExecutor-%d] INFO  c.netflix.discovery.DiscoveryClient - Application version is -1: false
2025-11-21 00:28:45 [DiscoveryClient-CacheRefreshExecutor-%d] INFO  c.netflix.discovery.DiscoveryClient - Getting all instance registry info from the eureka server
2025-11-21 00:28:45 [DiscoveryClient-CacheRefreshExecutor-%d] INFO  c.netflix.discovery.DiscoveryClient - The response status is 200
2025-11-21 00:29:25 [http-nio-8081-exec-1] INFO  o.a.c.c.C.[Tomcat].[localhost].[/] - Initializing Spring DispatcherServlet 'dispatcherServlet'
2025-11-21 00:29:25 [http-nio-8081-exec-1] INFO  o.s.web.servlet.DispatcherServlet - Initializing Servlet 'dispatcherServlet'
2025-11-21 00:29:25 [http-nio-8081-exec-1] INFO  o.s.web.servlet.DispatcherServlet - Completed initialization in 2 ms
2025-11-21 00:29:25 [http-nio-8081-exec-1] INFO  a.b.l.c.ContenedorController - [LOGISTICA] [CREAR_CONTENEDOR] Solicitud recibida. Procesando alta de nuevo contenedor.
2025-11-21 00:29:25 [http-nio-8081-exec-1] INFO  a.b.l.service.ContenedorService - [SERVICIO] [CREAR_CONTENEDOR] Procesando alta. Peso: 10.0, Volumen: 10.0
2025-11-21 00:29:26 [http-nio-8081-exec-1] INFO  a.b.l.service.ContenedorService - [SERVICIO] [CREAR_CONTENEDOR] Guardado exitoso. ID Generado: 1
2025-11-21 00:29:26 [http-nio-8081-exec-1] INFO  a.b.l.c.ContenedorController - [LOGISTICA] [CREAR_CONTENEDOR] Contenedor registrado con ID: 1
2025-11-21 00:29:26 [http-nio-8081-exec-2] INFO  a.b.l.controller.SolicitudController - [LOGISTICA] [SOLICITUD] Recibida petición de creación. Cliente: 7franciscogonzalez@gmail.com
2025-11-21 00:29:26 [http-nio-8081-exec-2] INFO  a.b.l.service.SolicitudService - [SERVICIO] [CREAR_SOLICITUD] Procesando nueva solicitud. Cliente Email: 7franciscogonzalez@gmail.com
2025-11-21 00:29:26 [http-nio-8081-exec-2] INFO  a.b.l.service.SolicitudService - [SERVICIO] [CREAR_SOLICITUD] Cliente nuevo detectado. Registrando: Francisco Gonzalez
2025-11-21 00:29:26 [http-nio-8081-exec-2] INFO  a.b.l.service.SolicitudService - [SERVICIO] [CREAR_SOLICITUD] Solicitud guardada exitosamente. ID: 1
2025-11-21 00:29:26 [http-nio-8081-exec-2] INFO  a.b.l.controller.SolicitudController - [LOGISTICA] [SOLICITUD] Solicitud creada con ID: 1
2025-11-21 00:29:28 [http-nio-8081-exec-3] INFO  a.b.l.c.ContenedorController - [LOGISTICA] [TRACKING] Consultando estado para ContenedorID: 1
2025-11-21 00:29:28 [http-nio-8081-exec-3] INFO  a.b.l.c.ContenedorController - [LOGISTICA] [TRACKING] Estado actual: EN_ORIGEN
2025-11-21 00:29:28 [http-nio-8081-exec-4] INFO  a.b.l.controller.SolicitudController - [LOGISTICA] [RUTA_TENTATIVA] Generando ruta para SolicitudID: 1
2025-11-21 00:29:28 [http-nio-8081-exec-4] INFO  a.b.l.service.SolicitudService - [SERVICIO] [RUTA_TENTATIVA] Calculando ruta para SolicitudID: 1
2025-11-21 00:29:29 [http-nio-8081-exec-4] INFO  a.b.l.service.SolicitudService - [SERVICIO] [RUTA_TENTATIVA] Tramos procesados. Distancia Total: 26.42 km. Tiempo Total: 40.05 min.
2025-11-21 00:29:29 [http-nio-8081-exec-4] INFO  a.b.l.service.SolicitudService - [SERVICIO] [CAMION_CLIENT] Buscando camiones aptos. Volumen: 10.0, Peso: 10.0
2025-11-21 00:29:30 [http-nio-8081-exec-4] INFO  a.b.l.service.SolicitudService - [SERVICIO] [COSTOS] Calculo finalizado. BaseContenedor: 1321.21, Combustible: 1321.21, BaseCamiones: 3170.90, Gestion: 200.00. TOTAL: 6013.32
2025-11-21 00:29:30 [http-nio-8081-exec-4] INFO  a.b.l.controller.SolicitudController - [LOGISTICA] [RUTA_TENTATIVA] Ruta generada. Costo Estimado: 6013.3240000000005
2025-11-21 00:29:30 [http-nio-8081-exec-5] INFO  a.b.l.controller.DepositoController - [LOGISTICA] [CREAR_DEPOSITO] Recibida solicitud de alta.
2025-11-21 00:29:30 [http-nio-8081-exec-5] INFO  a.b.l.service.DepositoService - [SERVICIO] [CREAR_DEPOSITO] Procesando alta. Nombre: Deposito UTN, Costo Diario: 20.0
2025-11-21 00:29:30 [http-nio-8081-exec-5] INFO  a.b.l.service.DepositoService - [SERVICIO] [CREAR_DEPOSITO] Guardado exitoso. ID Generado: 1
2025-11-21 00:29:30 [http-nio-8081-exec-5] INFO  a.b.l.controller.DepositoController - [LOGISTICA] [CREAR_DEPOSITO] Depósito creado exitosamente con ID: 1
2025-11-21 00:29:30 [http-nio-8081-exec-6] INFO  a.b.l.controller.SolicitudController - [LOGISTICA] [LISTAR_RUTAS] Solicitando rutas para SolicitudID: 1
2025-11-21 00:29:30 [http-nio-8081-exec-6] INFO  a.b.l.service.SolicitudService - [SERVICIO] [LISTAR_RUTAS] Consultando rutas para SolicitudID: 1
2025-11-21 00:29:30 [http-nio-8081-exec-6] INFO  a.b.l.controller.SolicitudController - [LOGISTICA] [LISTAR_RUTAS] Respuesta enviada.
2025-11-21 00:29:30 [http-nio-8081-exec-7] INFO  a.b.l.controller.SolicitudController - [LOGISTICA] [ASIGNAR_RUTA] Recibida petición de asignación. SolicitudID: 1
2025-11-21 00:29:30 [http-nio-8081-exec-7] INFO  a.b.l.service.SolicitudService - [SERVICIO] [ASIGNAR_RUTA] Procesando asignación. SolicitudID: 1, RutaID: 1
2025-11-21 00:29:30 [http-nio-8081-exec-7] INFO  a.b.l.service.SolicitudService - [SERVICIO] [ASIGNAR_RUTA] Ruta asignada con éxito. Estado actualizado a PROGRAMADA.
2025-11-21 00:29:30 [http-nio-8081-exec-7] INFO  a.b.l.controller.SolicitudController - [LOGISTICA] [ASIGNAR_RUTA] Ruta asignada. Estado actual: PROGRAMADA
2025-11-21 00:29:30 [http-nio-8081-exec-9] INFO  a.b.l.c.ContenedorController - [LOGISTICA] [PENDIENTES] Consultando contenedores. Filtro estado: TODOS
2025-11-21 00:29:30 [http-nio-8081-exec-9] INFO  a.b.l.service.ContenedorService - [SERVICIO] [PENDIENTES] Consultando listado. Filtro aplicado: NINGUNO (Todos los no entregados)
2025-11-21 00:29:30 [http-nio-8081-exec-9] INFO  a.b.l.service.ContenedorService - [SERVICIO] [PENDIENTES] Resultados encontrados: 1
2025-11-21 00:29:30 [http-nio-8081-exec-9] INFO  a.b.l.c.ContenedorController - [LOGISTICA] [PENDIENTES] Se encontraron 1 contenedores.
2025-11-21 00:29:30 [http-nio-8081-exec-8] INFO  a.b.l.controller.TramoController - [LOGISTICA] [ASIGNAR_CAMION] Vinculando Patente: ABC-123 al TramoID: 1
2025-11-21 00:29:30 [http-nio-8081-exec-8] INFO  a.b.logistica.service.TramoService - [SERVICIO] [ASIGNAR_CAMION] TramoID: 1, Patente: ABC-123
2025-11-21 00:29:30 [http-nio-8081-exec-8] INFO  a.b.logistica.service.TramoService - [SERVICIO] [CLIENT_FLOTA] Cambiando estado de Camión ABC-123 a NO_DISPONIBLE
2025-11-21 00:29:31 [http-nio-8081-exec-8] INFO  a.b.logistica.service.TramoService - [SERVICIO] [ASIGNAR_CAMION] Asignación exitosa.
2025-11-21 00:29:31 [http-nio-8081-exec-8] INFO  a.b.l.controller.TramoController - [LOGISTICA] [ASIGNAR_CAMION] Camión asignado correctamente.
2025-11-21 00:29:31 [http-nio-8081-exec-10] INFO  a.b.l.controller.TramoController - [LOGISTICA] [ASIGNAR_CAMION] Vinculando Patente: ABC-124 al TramoID: 2
2025-11-21 00:29:31 [http-nio-8081-exec-10] INFO  a.b.logistica.service.TramoService - [SERVICIO] [ASIGNAR_CAMION] TramoID: 2, Patente: ABC-124
2025-11-21 00:29:31 [http-nio-8081-exec-10] INFO  a.b.logistica.service.TramoService - [SERVICIO] [CLIENT_FLOTA] Cambiando estado de Camión ABC-124 a NO_DISPONIBLE
2025-11-21 00:29:31 [http-nio-8081-exec-10] INFO  a.b.logistica.service.TramoService - [SERVICIO] [ASIGNAR_CAMION] Asignación exitosa.
2025-11-21 00:29:31 [http-nio-8081-exec-10] INFO  a.b.l.controller.TramoController - [LOGISTICA] [ASIGNAR_CAMION] Camión asignado correctamente.
2025-11-21 00:29:31 [http-nio-8081-exec-1] INFO  a.b.l.controller.TramoController - [LOGISTICA] [ASIGNAR_CHOFER] Vinculando ChoferID: 1 al TramoID: 1
2025-11-21 00:29:31 [http-nio-8081-exec-1] INFO  a.b.logistica.service.TramoService - [SERVICIO] [ASIGNAR_CHOFER] TramoID: 1, ChoferID: 1
2025-11-21 00:29:31 [http-nio-8081-exec-1] INFO  a.b.logistica.service.TramoService - [SERVICIO] [CLIENT_FLOTA] Solicitando asignación en microservicio Flota.
2025-11-21 00:29:31 [http-nio-8081-exec-1] INFO  a.b.logistica.service.TramoService - [SERVICIO] [ASIGNAR_CHOFER] Asignación exitosa.
2025-11-21 00:29:31 [http-nio-8081-exec-1] INFO  a.b.l.controller.TramoController - [LOGISTICA] [ASIGNAR_CHOFER] Chofer asignado correctamente.
2025-11-21 00:29:31 [http-nio-8081-exec-2] INFO  a.b.l.controller.TramoController - [LOGISTICA] [ASIGNAR_CHOFER] Vinculando ChoferID: 2 al TramoID: 2
2025-11-21 00:29:31 [http-nio-8081-exec-2] INFO  a.b.logistica.service.TramoService - [SERVICIO] [ASIGNAR_CHOFER] TramoID: 2, ChoferID: 2
2025-11-21 00:29:31 [http-nio-8081-exec-2] INFO  a.b.logistica.service.TramoService - [SERVICIO] [CLIENT_FLOTA] Solicitando asignación en microservicio Flota.
2025-11-21 00:29:31 [http-nio-8081-exec-2] INFO  a.b.logistica.service.TramoService - [SERVICIO] [ASIGNAR_CHOFER] Asignación exitosa.
2025-11-21 00:29:31 [http-nio-8081-exec-2] INFO  a.b.l.controller.TramoController - [LOGISTICA] [ASIGNAR_CHOFER] Chofer asignado correctamente.
2025-11-21 00:29:33 [http-nio-8081-exec-3] INFO  a.b.l.controller.TramoController - [LOGISTICA] [CONSULTA_ASIGNADOS] Consultando estado de 1 tramos.
2025-11-21 00:29:33 [http-nio-8081-exec-4] INFO  a.b.l.controller.TramoController - [LOGISTICA] [TRAMO_INICIO] Reporte de inicio recibido. TramoID: 1
2025-11-21 00:29:33 [http-nio-8081-exec-4] INFO  a.b.logistica.service.TramoService - [SERVICIO] [INICIAR_TRAMO] Procesando inicio para TramoID: 1
2025-11-21 00:29:33 [http-nio-8081-exec-4] INFO  a.b.logistica.service.TramoService - [SERVICIO] [INICIAR_TRAMO] Actualizando estados. SolicitudID: 1, ContenedorID: 1 -> EN_TRANSITO
2025-11-21 00:29:33 [http-nio-8081-exec-4] INFO  a.b.logistica.service.TramoService - [SERVICIO] [INICIAR_TRAMO] Inicio registrado correctamente a las: 2025-11-21T00:29:33.504637103
2025-11-21 00:29:33 [http-nio-8081-exec-4] INFO  a.b.l.controller.TramoController - [LOGISTICA] [TRAMO_INICIO] Tramo iniciado exitosamente. Fecha Real: 2025-11-21T00:29:33.504637103
2025-11-21 00:29:33 [http-nio-8081-exec-5] INFO  a.b.l.controller.TramoController - [LOGISTICA] [TRAMO_FIN] Reporte de fin recibido. TramoID: 1
2025-11-21 00:29:33 [http-nio-8081-exec-5] INFO  a.b.logistica.service.TramoService - [SERVICIO] [FINALIZAR_TRAMO] Procesando fin para TramoID: 1
2025-11-21 00:29:33 [http-nio-8081-exec-5] INFO  a.b.logistica.service.TramoService - [SERVICIO] [FINALIZAR_TRAMO] Tramo intermedio. Ingresando contenedor a DEPÓSITO.
2025-11-21 00:29:33 [http-nio-8081-exec-5] INFO  a.b.logistica.service.TramoService - [SERVICIO] [CLIENT_FLOTA] Liberando recursos: Camión ABC-123 y TransportistaID 1.
2025-11-21 00:29:33 [http-nio-8081-exec-5] INFO  a.b.l.controller.TramoController - [LOGISTICA] [TRAMO_FIN] Tramo finalizado exitosamente. Fecha Real: 2025-11-21T00:29:33.681291544
2025-11-21 00:29:33 [http-nio-8081-exec-6] INFO  a.b.l.controller.DepositoController - [LOGISTICA] [STOCK_DEPOSITO] Consultando stock para DepositoID: 1
2025-11-21 00:29:33 [http-nio-8081-exec-6] INFO  a.b.l.service.DepositoService - [SERVICIO] [STOCK_DEPOSITO] Verificando inventario para DepositoID: 1
2025-11-21 00:29:34 [http-nio-8081-exec-6] INFO  a.b.l.service.DepositoService - [SERVICIO] [STOCK_DEPOSITO] Stock encontrado: 1 contenedores.
2025-11-21 00:29:34 [http-nio-8081-exec-6] INFO  a.b.l.controller.DepositoController - [LOGISTICA] [STOCK_DEPOSITO] Consulta finalizada. Total contenedores: 1
2025-11-21 00:29:34 [http-nio-8081-exec-7] INFO  a.b.l.controller.TramoController - [LOGISTICA] [TRAMO_INICIO] Reporte de inicio recibido. TramoID: 2
2025-11-21 00:29:34 [http-nio-8081-exec-7] INFO  a.b.logistica.service.TramoService - [SERVICIO] [INICIAR_TRAMO] Procesando inicio para TramoID: 2
2025-11-21 00:29:34 [http-nio-8081-exec-7] INFO  a.b.logistica.service.TramoService - [SERVICIO] [INICIAR_TRAMO] Actualizando estados. SolicitudID: 1, ContenedorID: 1 -> EN_TRANSITO
2025-11-21 00:29:34 [http-nio-8081-exec-7] INFO  a.b.logistica.service.TramoService - [SERVICIO] [INICIAR_TRAMO] Salida de depósito detectada. Removiendo contenedor del inventario.
2025-11-21 00:29:34 [http-nio-8081-exec-7] INFO  a.b.logistica.service.TramoService - [SERVICIO] [INICIAR_TRAMO] Inicio registrado correctamente a las: 2025-11-21T00:29:34.187902229
2025-11-21 00:29:34 [http-nio-8081-exec-7] INFO  a.b.l.controller.TramoController - [LOGISTICA] [TRAMO_INICIO] Tramo iniciado exitosamente. Fecha Real: 2025-11-21T00:29:34.187902229
2025-11-21 00:29:34 [http-nio-8081-exec-9] INFO  a.b.l.controller.TramoController - [LOGISTICA] [TRAMO_FIN] Reporte de fin recibido. TramoID: 2
2025-11-21 00:29:34 [http-nio-8081-exec-9] INFO  a.b.logistica.service.TramoService - [SERVICIO] [FINALIZAR_TRAMO] Procesando fin para TramoID: 2
2025-11-21 00:29:34 [http-nio-8081-exec-9] INFO  a.b.logistica.service.TramoService - [SERVICIO] [FINALIZAR_TRAMO] Es el último tramo. Solicitud ENTREGADA.
2025-11-21 00:29:34 [http-nio-8081-exec-9] INFO  a.b.logistica.service.TramoService - [SERVICIO] [CALCULAR_COSTO] Iniciando cálculo final para SolicitudID: 1
2025-11-21 00:29:34 [http-nio-8081-exec-9] INFO  a.b.logistica.service.TramoService - [SERVICIO] [CALCULAR_COSTO] Desglose -> BaseContenedor: 1321.21, Combustible: 1321.21, BaseCamion: 3170.90, Depositos: 0.00, Gestion: 200.00. TOTAL: 6013.32
2025-11-21 00:29:34 [http-nio-8081-exec-9] INFO  a.b.logistica.service.TramoService - [SERVICIO] [COSTO_FINAL] Costo total calculado: $6013.3240000000005
2025-11-21 00:29:34 [http-nio-8081-exec-9] INFO  a.b.logistica.service.TramoService - [SERVICIO] [CLIENT_FLOTA] Liberando recursos: Camión ABC-124 y TransportistaID 2.
2025-11-21 00:29:34 [http-nio-8081-exec-9] INFO  a.b.l.controller.TramoController - [LOGISTICA] [TRAMO_FIN] Tramo finalizado exitosamente. Fecha Real: 2025-11-21T00:29:34.411908125
2025-11-21 00:33:14 [AsyncResolver-bootstrap-executor-%d] INFO  c.n.d.s.r.aws.ConfigClusterResolver - Resolving eureka endpoints via configuration
2025-11-21 00:36:55 [SpringApplicationShutdownHook] INFO  o.s.c.n.e.s.EurekaServiceRegistry - Unregistering application LOGISTICA with eureka with status DOWN
2025-11-21 00:36:55 [SpringApplicationShutdownHook] INFO  c.netflix.discovery.DiscoveryClient - Saw local status change event StatusChangeEvent [timestamp=1763685415218, current=DOWN, previous=UP]
2025-11-21 00:36:55 [DiscoveryClient-InstanceInfoReplicator-%d] INFO  c.netflix.discovery.DiscoveryClient - DiscoveryClient_LOGISTICA/logistica:8081: registering service...
2025-11-21 00:36:55 [DiscoveryClient-InstanceInfoReplicator-%d] INFO  c.netflix.discovery.DiscoveryClient - DiscoveryClient_LOGISTICA/logistica:8081 - registration status: 204
2025-11-21 00:37:39 [main] INFO  a.b.logistica.LogisticaApplication - Starting LogisticaApplication v0.0.1-SNAPSHOT using Java 21.0.9 with PID 1 (/app.jar started by root in /)
2025-11-21 00:37:39 [main] INFO  a.b.logistica.LogisticaApplication - No active profile set, falling back to 1 default profile: "default"
2025-11-21 00:37:45 [main] INFO  o.s.d.r.c.RepositoryConfigurationDelegate - Bootstrapping Spring Data JPA repositories in DEFAULT mode.
2025-11-21 00:37:45 [main] INFO  o.s.d.r.c.RepositoryConfigurationDelegate - Finished Spring Data repository scanning in 819 ms. Found 8 JPA repository interfaces.
2025-11-21 00:37:47 [main] INFO  o.s.cloud.context.scope.GenericScope - BeanFactory id=2607686d-9688-3043-8508-967b7d09f508
2025-11-21 00:37:49 [main] WARN  o.s.c.s.PostProcessorRegistrationDelegate$BeanPostProcessorChecker - Bean 'org.springframework.cloud.client.loadbalancer.LoadBalancerAutoConfiguration$DeferringLoadBalancerInterceptorConfig' of type [org.springframework.cloud.client.loadbalancer.LoadBalancerAutoConfiguration$DeferringLoadBalancerInterceptorConfig] is not eligible for getting processed by all BeanPostProcessors (for example: not eligible for auto-proxying). The currently created BeanPostProcessor [lbRestClientPostProcessor] is declared through a non-static factory method on that class; consider declaring it as static instead.
2025-11-21 00:37:49 [main] WARN  o.s.c.s.PostProcessorRegistrationDelegate$BeanPostProcessorChecker - Bean 'deferringLoadBalancerInterceptor' of type [org.springframework.cloud.client.loadbalancer.DeferringLoadBalancerInterceptor] is not eligible for getting processed by all BeanPostProcessors (for example: not eligible for auto-proxying). Is this bean getting eagerly injected/applied to a currently created BeanPostProcessor [lbRestClientPostProcessor]? Check the corresponding BeanPostProcessor declaration and its dependencies/advisors. If this bean does not have to be post-processed, declare it with ROLE_INFRASTRUCTURE.
2025-11-21 00:37:49 [main] WARN  o.s.c.s.PostProcessorRegistrationDelegate$BeanPostProcessorChecker - Bean 'org.springframework.cloud.client.loadbalancer.reactive.LoadBalancerBeanPostProcessorAutoConfiguration' of type [org.springframework.cloud.client.loadbalancer.reactive.LoadBalancerBeanPostProcessorAutoConfiguration] is not eligible for getting processed by all BeanPostProcessors (for example: not eligible for auto-proxying). The currently created BeanPostProcessor [loadBalancerWebClientBuilderBeanPostProcessor] is declared through a non-static factory method on that class; consider declaring it as static instead.
2025-11-21 00:37:49 [main] WARN  o.s.c.s.PostProcessorRegistrationDelegate$BeanPostProcessorChecker - Bean 'org.springframework.cloud.client.loadbalancer.reactive.LoadBalancerBeanPostProcessorAutoConfiguration$ReactorDeferringLoadBalancerFilterConfig' of type [org.springframework.cloud.client.loadbalancer.reactive.LoadBalancerBeanPostProcessorAutoConfiguration$ReactorDeferringLoadBalancerFilterConfig] is not eligible for getting processed by all BeanPostProcessors (for example: not eligible for auto-proxying). Is this bean getting eagerly injected/applied to a currently created BeanPostProcessor [loadBalancerWebClientBuilderBeanPostProcessor]? Check the corresponding BeanPostProcessor declaration and its dependencies/advisors. If this bean does not have to be post-processed, declare it with ROLE_INFRASTRUCTURE.
2025-11-21 00:37:49 [main] WARN  o.s.c.s.PostProcessorRegistrationDelegate$BeanPostProcessorChecker - Bean 'reactorDeferringLoadBalancerExchangeFilterFunction' of type [org.springframework.cloud.client.loadbalancer.reactive.DeferringLoadBalancerExchangeFilterFunction] is not eligible for getting processed by all BeanPostProcessors (for example: not eligible for auto-proxying). Is this bean getting eagerly injected/applied to a currently created BeanPostProcessor [loadBalancerWebClientBuilderBeanPostProcessor]? Check the corresponding BeanPostProcessor declaration and its dependencies/advisors. If this bean does not have to be post-processed, declare it with ROLE_INFRASTRUCTURE.
2025-11-21 00:37:51 [main] INFO  o.s.b.w.e.tomcat.TomcatWebServer - Tomcat initialized with port 8081 (http)
2025-11-21 00:37:51 [main] INFO  o.a.catalina.core.StandardService - Starting service [Tomcat]
2025-11-21 00:37:51 [main] INFO  o.a.catalina.core.StandardEngine - Starting Servlet engine: [Apache Tomcat/10.1.31]
2025-11-21 00:37:51 [main] INFO  o.a.c.c.C.[Tomcat].[localhost].[/] - Initializing Spring embedded WebApplicationContext
2025-11-21 00:37:51 [main] INFO  o.s.b.w.s.c.ServletWebServerApplicationContext - Root WebApplicationContext: initialization completed in 12122 ms
2025-11-21 00:37:52 [main] INFO  o.h.jpa.internal.util.LogHelper - HHH000204: Processing PersistenceUnitInfo [name: default]
2025-11-21 00:37:52 [main] INFO  org.hibernate.Version - HHH000412: Hibernate ORM core version 6.5.3.Final
2025-11-21 00:37:52 [main] INFO  o.h.c.i.RegionFactoryInitiator - HHH000026: Second-level cache disabled
2025-11-21 00:37:53 [main] INFO  o.s.o.j.p.SpringPersistenceUnitInfo - No LoadTimeWeaver setup: ignoring JPA class transformer
2025-11-21 00:37:53 [main] INFO  com.zaxxer.hikari.HikariDataSource - HikariPool-1 - Starting...
2025-11-21 00:37:54 [main] INFO  com.zaxxer.hikari.pool.HikariPool - HikariPool-1 - Added connection org.postgresql.jdbc.PgConnection@2a504ea7
2025-11-21 00:37:54 [main] INFO  com.zaxxer.hikari.HikariDataSource - HikariPool-1 - Start completed.
2025-11-21 00:37:54 [main] WARN  org.hibernate.orm.deprecation - HHH90000025: PostgreSQLDialect does not need to be specified explicitly using 'hibernate.dialect' (remove the property setting and it will be selected by default)
2025-11-21 00:37:57 [main] INFO  o.h.e.t.j.p.i.JtaPlatformInitiator - HHH000489: No JTA platform available (set 'hibernate.transaction.jta.platform' to enable JTA platform integration)
2025-11-21 00:37:57 [main] INFO  o.s.o.j.LocalContainerEntityManagerFactoryBean - Initialized JPA EntityManagerFactory for persistence unit 'default'
2025-11-21 00:38:00 [main] WARN  o.s.b.a.o.j.JpaBaseConfiguration$JpaWebConfiguration - spring.jpa.open-in-view is enabled by default. Therefore, database queries may be performed during view rendering. Explicitly configure spring.jpa.open-in-view to disable this warning
2025-11-21 00:38:03 [main] INFO  o.s.c.n.e.c.DiscoveryClientOptionalArgsConfiguration - Eureka HTTP Client uses RestTemplate.
2025-11-21 00:38:03 [main] WARN  o.s.c.l.c.LoadBalancerCacheAutoConfiguration$LoadBalancerCaffeineWarnLogger - Spring Cloud LoadBalancer is currently working with the default cache. While this cache implementation is useful for development and tests, it's recommended to use Caffeine cache in production.You can switch to using Caffeine cache, by adding it and org.springframework.cache.caffeine.CaffeineCacheManager to the classpath.
2025-11-21 00:38:03 [main] INFO  o.s.c.n.eureka.InstanceInfoFactory - Setting initial instance status as: STARTING
2025-11-21 00:38:04 [main] INFO  c.netflix.discovery.DiscoveryClient - Initializing Eureka in region us-east-1
2025-11-21 00:38:04 [main] INFO  c.n.d.s.r.aws.ConfigClusterResolver - Resolving eureka endpoints via configuration
2025-11-21 00:38:04 [main] INFO  c.netflix.discovery.DiscoveryClient - Disable delta property : false
2025-11-21 00:38:04 [main] INFO  c.netflix.discovery.DiscoveryClient - Single vip registry refresh property : null
2025-11-21 00:38:04 [main] INFO  c.netflix.discovery.DiscoveryClient - Force full registry fetch : false
2025-11-21 00:38:04 [main] INFO  c.netflix.discovery.DiscoveryClient - Application is null : false
2025-11-21 00:38:04 [main] INFO  c.netflix.discovery.DiscoveryClient - Registered Applications size is zero : true
2025-11-21 00:38:04 [main] INFO  c.netflix.discovery.DiscoveryClient - Application version is -1: true
2025-11-21 00:38:04 [main] INFO  c.netflix.discovery.DiscoveryClient - Getting all instance registry info from the eureka server
2025-11-21 00:38:05 [main] INFO  c.netflix.discovery.DiscoveryClient - The response status is 200
2025-11-21 00:38:05 [main] INFO  c.netflix.discovery.DiscoveryClient - Starting heartbeat executor: renew interval is: 30
2025-11-21 00:38:05 [main] INFO  c.n.discovery.InstanceInfoReplicator - InstanceInfoReplicator onDemand update allowed rate per min is 4
2025-11-21 00:38:05 [main] INFO  c.netflix.discovery.DiscoveryClient - Discovery Client initialized at timestamp 1763685485110 with initial instances count: 1
2025-11-21 00:38:05 [main] INFO  o.s.c.n.e.s.EurekaServiceRegistry - Registering application LOGISTICA with eureka with status UP
2025-11-21 00:38:05 [main] INFO  c.netflix.discovery.DiscoveryClient - Saw local status change event StatusChangeEvent [timestamp=1763685485124, current=UP, previous=STARTING]
2025-11-21 00:38:05 [DiscoveryClient-InstanceInfoReplicator-%d] INFO  c.netflix.discovery.DiscoveryClient - DiscoveryClient_LOGISTICA/logistica:8081: registering service...
2025-11-21 00:38:05 [main] INFO  o.s.b.w.e.tomcat.TomcatWebServer - Tomcat started on port 8081 (http) with context path '/'
2025-11-21 00:38:05 [main] INFO  o.s.c.n.e.s.EurekaAutoServiceRegistration - Updating port to 8081
2025-11-21 00:38:05 [main] INFO  a.b.logistica.LogisticaApplication - Started LogisticaApplication in 29.131 seconds (process running for 33.392)
2025-11-21 00:38:05 [DiscoveryClient-InstanceInfoReplicator-%d] INFO  c.netflix.discovery.DiscoveryClient - DiscoveryClient_LOGISTICA/logistica:8081 - registration status: 204
2025-11-21 00:43:04 [AsyncResolver-bootstrap-executor-%d] INFO  c.n.d.s.r.aws.ConfigClusterResolver - Resolving eureka endpoints via configuration
2025-11-21 00:43:54 [http-nio-8081-exec-1] INFO  o.a.c.c.C.[Tomcat].[localhost].[/] - Initializing Spring DispatcherServlet 'dispatcherServlet'
2025-11-21 00:43:54 [http-nio-8081-exec-1] INFO  o.s.web.servlet.DispatcherServlet - Initializing Servlet 'dispatcherServlet'
2025-11-21 00:43:54 [http-nio-8081-exec-1] INFO  o.s.web.servlet.DispatcherServlet - Completed initialization in 5 ms
2025-11-21 00:43:54 [http-nio-8081-exec-1] INFO  a.b.l.c.ContenedorController - [LOGISTICA] [CREAR_CONTENEDOR] Solicitud recibida. Procesando alta de nuevo contenedor.
2025-11-21 00:43:54 [http-nio-8081-exec-1] INFO  a.b.l.service.ContenedorService - [SERVICIO] [CREAR_CONTENEDOR] Procesando alta. Peso: 10.0, Volumen: 10.0
2025-11-21 00:43:54 [http-nio-8081-exec-1] INFO  a.b.l.service.ContenedorService - [SERVICIO] [CREAR_CONTENEDOR] Guardado exitoso. ID Generado: 2
2025-11-21 00:43:54 [http-nio-8081-exec-1] INFO  a.b.l.c.ContenedorController - [LOGISTICA] [CREAR_CONTENEDOR] Contenedor registrado con ID: 2
2025-11-21 00:44:29 [http-nio-8081-exec-2] INFO  a.b.l.c.ContenedorController - [LOGISTICA] [CREAR_CONTENEDOR] Solicitud recibida. Procesando alta de nuevo contenedor.
2025-11-21 00:44:29 [http-nio-8081-exec-2] INFO  a.b.l.service.ContenedorService - [SERVICIO] [CREAR_CONTENEDOR] Procesando alta. Peso: 10.0, Volumen: 10.0
2025-11-21 00:44:29 [http-nio-8081-exec-2] INFO  a.b.l.service.ContenedorService - [SERVICIO] [CREAR_CONTENEDOR] Guardado exitoso. ID Generado: 3
2025-11-21 00:44:29 [http-nio-8081-exec-2] INFO  a.b.l.c.ContenedorController - [LOGISTICA] [CREAR_CONTENEDOR] Contenedor registrado con ID: 3
2025-11-21 00:44:29 [http-nio-8081-exec-3] INFO  a.b.l.controller.SolicitudController - [LOGISTICA] [SOLICITUD] Recibida petición de creación. Cliente: 7franciscogonzalez@gmail.com
2025-11-21 00:44:29 [http-nio-8081-exec-3] INFO  a.b.l.service.SolicitudService - [SERVICIO] [CREAR_SOLICITUD] Procesando nueva solicitud. Cliente Email: 7franciscogonzalez@gmail.com
2025-11-21 00:44:29 [http-nio-8081-exec-3] WARN  o.h.e.jdbc.spi.SqlExceptionHelper - SQL Error: 0, SQLState: 23505
2025-11-21 00:44:29 [http-nio-8081-exec-3] ERROR o.h.e.jdbc.spi.SqlExceptionHelper - ERROR: duplicate key value violates unique constraint "ukoeryptqjmhhu3wcfuowpv5t5o"
  Detail: Key (id_contenedor)=(1) already exists.
2025-11-21 00:44:29 [http-nio-8081-exec-3] ERROR o.a.c.c.C.[.[.[.[dispatcherServlet] - Servlet.service() for servlet [dispatcherServlet] in context with path [] threw exception [Request processing failed: org.springframework.dao.DataIntegrityViolationException: could not execute statement [ERROR: duplicate key value violates unique constraint "ukoeryptqjmhhu3wcfuowpv5t5o"
  Detail: Key (id_contenedor)=(1) already exists.] [insert into solicitudes (id_cliente,id_contenedor,costo_estimado,costo_final,distancia_total,estado,fecha_hora_creacion,id_parametros_tarifa,id_ruta_asignada,tiempo_estimado,tiempo_real,id_ubicacion_destino,id_ubicacion_origen) values (?,?,?,?,?,?,?,?,?,?,?,?,?) returning id_solicitud]; SQL [insert into solicitudes (id_cliente,id_contenedor,costo_estimado,costo_final,distancia_total,estado,fecha_hora_creacion,id_parametros_tarifa,id_ruta_asignada,tiempo_estimado,tiempo_real,id_ubicacion_destino,id_ubicacion_origen) values (?,?,?,?,?,?,?,?,?,?,?,?,?) returning id_solicitud]; constraint [ukoeryptqjmhhu3wcfuowpv5t5o]] with root cause
org.postgresql.util.PSQLException: ERROR: duplicate key value violates unique constraint "ukoeryptqjmhhu3wcfuowpv5t5o"
  Detail: Key (id_contenedor)=(1) already exists.
	at org.postgresql.core.v3.QueryExecutorImpl.receiveErrorResponse(QueryExecutorImpl.java:2733)
	at org.postgresql.core.v3.QueryExecutorImpl.processResults(QueryExecutorImpl.java:2420)
	at org.postgresql.core.v3.QueryExecutorImpl.execute(QueryExecutorImpl.java:372)
	at org.postgresql.jdbc.PgStatement.executeInternal(PgStatement.java:517)
	at org.postgresql.jdbc.PgStatement.execute(PgStatement.java:434)
	at org.postgresql.jdbc.PgPreparedStatement.executeWithFlags(PgPreparedStatement.java:194)
	at org.postgresql.jdbc.PgPreparedStatement.execute(PgPreparedStatement.java:180)
	at com.zaxxer.hikari.pool.ProxyPreparedStatement.execute(ProxyPreparedStatement.java:44)
	at com.zaxxer.hikari.pool.HikariProxyPreparedStatement.execute(HikariProxyPreparedStatement.java)
	at org.hibernate.engine.jdbc.internal.ResultSetReturnImpl.execute(ResultSetReturnImpl.java:129)
	at org.hibernate.id.insert.InsertReturningDelegate.executeAndExtractReturning(InsertReturningDelegate.java:96)
	at org.hibernate.id.insert.AbstractReturningDelegate.performMutation(AbstractReturningDelegate.java:58)
	at org.hibernate.engine.jdbc.mutation.internal.MutationExecutorSingleNonBatched.performNonBatchedOperations(MutationExecutorSingleNonBatched.java:47)
	at org.hibernate.engine.jdbc.mutation.internal.AbstractMutationExecutor.execute(AbstractMutationExecutor.java:55)
	at org.hibernate.persister.entity.mutation.InsertCoordinatorStandard.doStaticInserts(InsertCoordinatorStandard.java:194)
	at org.hibernate.persister.entity.mutation.InsertCoordinatorStandard.coordinateInsert(InsertCoordinatorStandard.java:132)
	at org.hibernate.persister.entity.mutation.InsertCoordinatorStandard.insert(InsertCoordinatorStandard.java:95)
	at org.hibernate.action.internal.EntityIdentityInsertAction.execute(EntityIdentityInsertAction.java:85)
	at org.hibernate.engine.spi.ActionQueue.execute(ActionQueue.java:671)
	at org.hibernate.engine.spi.ActionQueue.addResolvedEntityInsertAction(ActionQueue.java:292)
	at org.hibernate.engine.spi.ActionQueue.addInsertAction(ActionQueue.java:273)
	at org.hibernate.engine.spi.ActionQueue.addAction(ActionQueue.java:323)
	at org.hibernate.event.internal.AbstractSaveEventListener.addInsertAction(AbstractSaveEventListener.java:391)
	at org.hibernate.event.internal.AbstractSaveEventListener.performSaveOrReplicate(AbstractSaveEventListener.java:305)
	at org.hibernate.event.internal.AbstractSaveEventListener.performSave(AbstractSaveEventListener.java:224)
	at org.hibernate.event.internal.AbstractSaveEventListener.saveWithGeneratedId(AbstractSaveEventListener.java:137)
	at org.hibernate.event.internal.DefaultPersistEventListener.entityIsTransient(DefaultPersistEventListener.java:175)
	at org.hibernate.event.internal.DefaultPersistEventListener.persist(DefaultPersistEventListener.java:93)
	at org.hibernate.event.internal.DefaultPersistEventListener.onPersist(DefaultPersistEventListener.java:77)
	at org.hibernate.event.internal.DefaultPersistEventListener.onPersist(DefaultPersistEventListener.java:54)
	at org.hibernate.event.service.internal.EventListenerGroupImpl.fireEventOnEachListener(EventListenerGroupImpl.java:127)
	at org.hibernate.internal.SessionImpl.firePersist(SessionImpl.java:757)
	at org.hibernate.internal.SessionImpl.persist(SessionImpl.java:741)
	at java.base/jdk.internal.reflect.DirectMethodHandleAccessor.invoke(DirectMethodHandleAccessor.java:103)
	at java.base/java.lang.reflect.Method.invoke(Method.java:580)
	at org.springframework.orm.jpa.ExtendedEntityManagerCreator$ExtendedEntityManagerInvocationHandler.invoke(ExtendedEntityManagerCreator.java:364)
	at jdk.proxy2/jdk.proxy2.$Proxy155.persist(Unknown Source)
	at java.base/jdk.internal.reflect.DirectMethodHandleAccessor.invoke(DirectMethodHandleAccessor.java:103)
	at java.base/java.lang.reflect.Method.invoke(Method.java:580)
	at org.springframework.orm.jpa.SharedEntityManagerCreator$SharedEntityManagerInvocationHandler.invoke(SharedEntityManagerCreator.java:319)
	at jdk.proxy2/jdk.proxy2.$Proxy155.persist(Unknown Source)
	at org.springframework.data.jpa.repository.support.SimpleJpaRepository.save(SimpleJpaRepository.java:628)
	at java.base/jdk.internal.reflect.DirectMethodHandleAccessor.invoke(DirectMethodHandleAccessor.java:103)
	at java.base/java.lang.reflect.Method.invoke(Method.java:580)
	at org.springframework.aop.support.AopUtils.invokeJoinpointUsingReflection(AopUtils.java:355)
	at org.springframework.data.repository.core.support.RepositoryMethodInvoker$RepositoryFragmentMethodInvoker.lambda$new$0(RepositoryMethodInvoker.java:277)
	at org.springframework.data.repository.core.support.RepositoryMethodInvoker.doInvoke(RepositoryMethodInvoker.java:170)
	at org.springframework.data.repository.core.support.RepositoryMethodInvoker.invoke(RepositoryMethodInvoker.java:158)
	at org.springframework.data.repository.core.support.RepositoryComposition$RepositoryFragments.invoke(RepositoryComposition.java:516)
	at org.springframework.data.repository.core.support.RepositoryComposition.invoke(RepositoryComposition.java:285)
	at org.springframework.data.repository.core.support.RepositoryFactorySupport$ImplementationMethodExecutionInterceptor.invoke(RepositoryFactorySupport.java:628)
	at org.springframework.aop.framework.ReflectiveMethodInvocation.proceed(ReflectiveMethodInvocation.java:184)
	at org.springframework.data.repository.core.support.QueryExecutorMethodInterceptor.doInvoke(QueryExecutorMethodInterceptor.java:173)
	at org.springframework.data.repository.core.support.QueryExecutorMethodInterceptor.invoke(QueryExecutorMethodInterceptor.java:148)
	at org.springframework.aop.framework.ReflectiveMethodInvocation.proceed(ReflectiveMethodInvocation.java:184)
	at org.springframework.data.projection.DefaultMethodInvokingMethodInterceptor.invoke(DefaultMethodInvokingMethodInterceptor.java:70)
	at org.springframework.aop.framework.ReflectiveMethodInvocation.proceed(ReflectiveMethodInvocation.java:184)
	at org.springframework.transaction.interceptor.TransactionAspectSupport.invokeWithinTransaction(TransactionAspectSupport.java:379)
	at org.springframework.transaction.interceptor.TransactionInterceptor.invoke(TransactionInterceptor.java:119)
	at org.springframework.aop.framework.ReflectiveMethodInvocation.proceed(ReflectiveMethodInvocation.java:184)
	at org.springframework.dao.support.PersistenceExceptionTranslationInterceptor.invoke(PersistenceExceptionTranslationInterceptor.java:138)
	at org.springframework.aop.framework.ReflectiveMethodInvocation.proceed(ReflectiveMethodInvocation.java:184)
	at org.springframework.data.jpa.repository.support.CrudMethodMetadataPostProcessor$CrudMethodMetadataPopulatingMethodInterceptor.invoke(CrudMethodMetadataPostProcessor.java:165)
	at org.springframework.aop.framework.ReflectiveMethodInvocation.proceed(ReflectiveMethodInvocation.java:184)
	at org.springframework.aop.interceptor.ExposeInvocationInterceptor.invoke(ExposeInvocationInterceptor.java:97)
	at org.springframework.aop.framework.ReflectiveMethodInvocation.proceed(ReflectiveMethodInvocation.java:184)
	at org.springframework.aop.framework.JdkDynamicAopProxy.invoke(JdkDynamicAopProxy.java:223)
	at jdk.proxy2/jdk.proxy2.$Proxy167.save(Unknown Source)
	at ar.backend.logistica.service.SolicitudService.crearSolicitud(SolicitudService.java:102)
	at java.base/jdk.internal.reflect.DirectMethodHandleAccessor.invoke(DirectMethodHandleAccessor.java:103)
	at java.base/java.lang.reflect.Method.invoke(Method.java:580)
	at org.springframework.aop.support.AopUtils.invokeJoinpointUsingReflection(AopUtils.java:355)
	at org.springframework.aop.framework.ReflectiveMethodInvocation.invokeJoinpoint(ReflectiveMethodInvocation.java:196)
	at org.springframework.aop.framework.ReflectiveMethodInvocation.proceed(ReflectiveMethodInvocation.java:163)
	at org.springframework.aop.framework.CglibAopProxy$CglibMethodInvocation.proceed(CglibAopProxy.java:768)
	at org.springframework.transaction.interceptor.TransactionAspectSupport.invokeWithinTransaction(TransactionAspectSupport.java:379)
	at org.springframework.transaction.interceptor.TransactionInterceptor.invoke(TransactionInterceptor.java:119)
	at org.springframework.aop.framework.ReflectiveMethodInvocation.proceed(ReflectiveMethodInvocation.java:184)
	at org.springframework.aop.framework.CglibAopProxy$CglibMethodInvocation.proceed(CglibAopProxy.java:768)
	at org.springframework.aop.framework.CglibAopProxy$DynamicAdvisedInterceptor.intercept(CglibAopProxy.java:720)
	at ar.backend.logistica.service.SolicitudService$$SpringCGLIB$$0.crearSolicitud(<generated>)
	at ar.backend.logistica.controller.SolicitudController.crearSolicitud(SolicitudController.java:52)
	at java.base/jdk.internal.reflect.DirectMethodHandleAccessor.invoke(DirectMethodHandleAccessor.java:103)
	at java.base/java.lang.reflect.Method.invoke(Method.java:580)
	at org.springframework.aop.support.AopUtils.invokeJoinpointUsingReflection(AopUtils.java:355)
	at org.springframework.aop.framework.ReflectiveMethodInvocation.invokeJoinpoint(ReflectiveMethodInvocation.java:196)
	at org.springframework.aop.framework.ReflectiveMethodInvocation.proceed(ReflectiveMethodInvocation.java:163)
	at org.springframework.aop.framework.CglibAopProxy$CglibMethodInvocation.proceed(CglibAopProxy.java:768)
	at org.springframework.security.authorization.method.AuthorizationManagerBeforeMethodInterceptor.proceed(AuthorizationManagerBeforeMethodInterceptor.java:269)
	at org.springframework.security.authorization.method.AuthorizationManagerBeforeMethodInterceptor.attemptAuthorization(AuthorizationManagerBeforeMethodInterceptor.java:264)
	at org.springframework.security.authorization.method.AuthorizationManagerBeforeMethodInterceptor.invoke(AuthorizationManagerBeforeMethodInterceptor.java:197)
	at org.springframework.security.config.annotation.method.configuration.DeferringMethodInterceptor.invoke(DeferringMethodInterceptor.java:44)
	at org.springframework.aop.framework.ReflectiveMethodInvocation.proceed(ReflectiveMethodInvocation.java:184)
	at org.springframework.aop.framework.CglibAopProxy$CglibMethodInvocation.proceed(CglibAopProxy.java:768)
	at org.springframework.aop.framework.CglibAopProxy$DynamicAdvisedInterceptor.intercept(CglibAopProxy.java:720)
	at ar.backend.logistica.controller.SolicitudController$$SpringCGLIB$$0.crearSolicitud(<generated>)
	at java.base/jdk.internal.reflect.DirectMethodHandleAccessor.invoke(DirectMethodHandleAccessor.java:103)
	at java.base/java.lang.reflect.Method.invoke(Method.java:580)
	at org.springframework.web.method.support.InvocableHandlerMethod.doInvoke(InvocableHandlerMethod.java:255)
	at org.springframework.web.method.support.InvocableHandlerMethod.invokeForRequest(InvocableHandlerMethod.java:188)
	at org.springframework.web.servlet.mvc.method.annotation.ServletInvocableHandlerMethod.invokeAndHandle(ServletInvocableHandlerMethod.java:118)
	at org.springframework.web.servlet.mvc.method.annotation.RequestMappingHandlerAdapter.invokeHandlerMethod(RequestMappingHandlerAdapter.java:926)
	at org.springframework.web.servlet.mvc.method.annotation.RequestMappingHandlerAdapter.handleInternal(RequestMappingHandlerAdapter.java:831)
	at org.springframework.web.servlet.mvc.method.AbstractHandlerMethodAdapter.handle(AbstractHandlerMethodAdapter.java:87)
	at org.springframework.web.servlet.DispatcherServlet.doDispatch(DispatcherServlet.java:1089)
	at org.springframework.web.servlet.DispatcherServlet.doService(DispatcherServlet.java:979)
	at org.springframework.web.servlet.FrameworkServlet.processRequest(FrameworkServlet.java:1014)
	at org.springframework.web.servlet.FrameworkServlet.doPost(FrameworkServlet.java:914)
	at jakarta.servlet.http.HttpServlet.service(HttpServlet.java:590)
	at org.springframework.web.servlet.FrameworkServlet.service(FrameworkServlet.java:885)
	at jakarta.servlet.http.HttpServlet.service(HttpServlet.java:658)
	at org.apache.catalina.core.ApplicationFilterChain.internalDoFilter(ApplicationFilterChain.java:195)
	at org.apache.catalina.core.ApplicationFilterChain.doFilter(ApplicationFilterChain.java:140)
	at org.apache.tomcat.websocket.server.WsFilter.doFilter(WsFilter.java:51)
	at org.apache.catalina.core.ApplicationFilterChain.internalDoFilter(ApplicationFilterChain.java:164)
	at org.apache.catalina.core.ApplicationFilterChain.doFilter(ApplicationFilterChain.java:140)
	at org.springframework.web.filter.CompositeFilter$VirtualFilterChain.doFilter(CompositeFilter.java:108)
	at org.springframework.security.web.FilterChainProxy.lambda$doFilterInternal$3(FilterChainProxy.java:231)
	at org.springframework.security.web.FilterChainProxy$VirtualFilterChain.doFilter(FilterChainProxy.java:365)
	at org.springframework.security.web.access.intercept.AuthorizationFilter.doFilter(AuthorizationFilter.java:100)
	at org.springframework.security.web.FilterChainProxy$VirtualFilterChain.doFilter(FilterChainProxy.java:374)
	at org.springframework.security.web.access.ExceptionTranslationFilter.doFilter(ExceptionTranslationFilter.java:126)
	at org.springframework.security.web.access.ExceptionTranslationFilter.doFilter(ExceptionTranslationFilter.java:120)
	at org.springframework.security.web.FilterChainProxy$VirtualFilterChain.doFilter(FilterChainProxy.java:374)
	at org.springframework.security.web.authentication.AnonymousAuthenticationFilter.doFilter(AnonymousAuthenticationFilter.java:100)
	at org.springframework.security.web.FilterChainProxy$VirtualFilterChain.doFilter(FilterChainProxy.java:374)
	at org.springframework.security.web.servletapi.SecurityContextHolderAwareRequestFilter.doFilter(SecurityContextHolderAwareRequestFilter.java:179)
	at org.springframework.security.web.FilterChainProxy$VirtualFilterChain.doFilter(FilterChainProxy.java:374)
	at org.springframework.security.web.savedrequest.RequestCacheAwareFilter.doFilter(RequestCacheAwareFilter.java:63)
	at org.springframework.security.web.FilterChainProxy$VirtualFilterChain.doFilter(FilterChainProxy.java:374)
	at org.springframework.security.oauth2.server.resource.web.authentication.BearerTokenAuthenticationFilter.doFilterInternal(BearerTokenAuthenticationFilter.java:145)
	at org.springframework.web.filter.OncePerRequestFilter.doFilter(OncePerRequestFilter.java:116)
	at org.springframework.security.web.FilterChainProxy$VirtualFilterChain.doFilter(FilterChainProxy.java:374)
	at org.springframework.security.web.authentication.logout.LogoutFilter.doFilter(LogoutFilter.java:107)
	at org.springframework.security.web.authentication.logout.LogoutFilter.doFilter(LogoutFilter.java:93)
	at org.springframework.security.web.FilterChainProxy$VirtualFilterChain.doFilter(FilterChainProxy.java:374)
	at org.springframework.security.web.header.HeaderWriterFilter.doHeadersAfter(HeaderWriterFilter.java:90)
	at org.springframework.security.web.header.HeaderWriterFilter.doFilterInternal(HeaderWriterFilter.java:75)
	at org.springframework.web.filter.OncePerRequestFilter.doFilter(OncePerRequestFilter.java:116)
	at org.springframework.security.web.FilterChainProxy$VirtualFilterChain.doFilter(FilterChainProxy.java:374)
	at org.springframework.security.web.context.SecurityContextHolderFilter.doFilter(SecurityContextHolderFilter.java:82)
	at org.springframework.security.web.context.SecurityContextHolderFilter.doFilter(SecurityContextHolderFilter.java:69)
	at org.springframework.security.web.FilterChainProxy$VirtualFilterChain.doFilter(FilterChainProxy.java:374)
	at org.springframework.security.web.context.request.async.WebAsyncManagerIntegrationFilter.doFilterInternal(WebAsyncManagerIntegrationFilter.java:62)
	at org.springframework.web.filter.OncePerRequestFilter.doFilter(OncePerRequestFilter.java:116)
	at org.springframework.security.web.FilterChainProxy$VirtualFilterChain.doFilter(FilterChainProxy.java:374)
	at org.springframework.security.web.session.DisableEncodeUrlFilter.doFilterInternal(DisableEncodeUrlFilter.java:42)
	at org.springframework.web.filter.OncePerRequestFilter.doFilter(OncePerRequestFilter.java:116)
	at org.springframework.security.web.FilterChainProxy$VirtualFilterChain.doFilter(FilterChainProxy.java:374)
	at org.springframework.security.web.FilterChainProxy.doFilterInternal(FilterChainProxy.java:233)
	at org.springframework.security.web.FilterChainProxy.doFilter(FilterChainProxy.java:191)
	at org.springframework.web.filter.CompositeFilter$VirtualFilterChain.doFilter(CompositeFilter.java:113)
	at org.springframework.web.servlet.handler.HandlerMappingIntrospector.lambda$createCacheFilter$3(HandlerMappingIntrospector.java:195)
	at org.springframework.web.filter.CompositeFilter$VirtualFilterChain.doFilter(CompositeFilter.java:113)
	at org.springframework.web.filter.CompositeFilter.doFilter(CompositeFilter.java:74)
	at org.springframework.security.config.annotation.web.configuration.WebMvcSecurityConfiguration$CompositeFilterChainProxy.doFilter(WebMvcSecurityConfiguration.java:230)
	at org.springframework.web.filter.DelegatingFilterProxy.invokeDelegate(DelegatingFilterProxy.java:362)
	at org.springframework.web.filter.DelegatingFilterProxy.doFilter(DelegatingFilterProxy.java:278)
	at org.apache.catalina.core.ApplicationFilterChain.internalDoFilter(ApplicationFilterChain.java:164)
	at org.apache.catalina.core.ApplicationFilterChain.doFilter(ApplicationFilterChain.java:140)
	at org.springframework.web.filter.RequestContextFilter.doFilterInternal(RequestContextFilter.java:100)
	at org.springframework.web.filter.OncePerRequestFilter.doFilter(OncePerRequestFilter.java:116)
	at org.apache.catalina.core.ApplicationFilterChain.internalDoFilter(ApplicationFilterChain.java:164)
	at org.apache.catalina.core.ApplicationFilterChain.doFilter(ApplicationFilterChain.java:140)
	at org.springframework.web.filter.FormContentFilter.doFilterInternal(FormContentFilter.java:93)
	at org.springframework.web.filter.OncePerRequestFilter.doFilter(OncePerRequestFilter.java:116)
	at org.apache.catalina.core.ApplicationFilterChain.internalDoFilter(ApplicationFilterChain.java:164)
	at org.apache.catalina.core.ApplicationFilterChain.doFilter(ApplicationFilterChain.java:140)
	at org.springframework.web.filter.CharacterEncodingFilter.doFilterInternal(CharacterEncodingFilter.java:201)
	at org.springframework.web.filter.OncePerRequestFilter.doFilter(OncePerRequestFilter.java:116)
	at org.apache.catalina.core.ApplicationFilterChain.internalDoFilter(ApplicationFilterChain.java:164)
	at org.apache.catalina.core.ApplicationFilterChain.doFilter(ApplicationFilterChain.java:140)
	at org.apache.catalina.core.StandardWrapperValve.invoke(StandardWrapperValve.java:167)
	at org.apache.catalina.core.StandardContextValve.invoke(StandardContextValve.java:90)
	at org.apache.catalina.authenticator.AuthenticatorBase.invoke(AuthenticatorBase.java:483)
	at org.apache.catalina.core.StandardHostValve.invoke(StandardHostValve.java:115)
	at org.apache.catalina.valves.ErrorReportValve.invoke(ErrorReportValve.java:93)
	at org.apache.catalina.core.StandardEngineValve.invoke(StandardEngineValve.java:74)
	at org.apache.catalina.connector.CoyoteAdapter.service(CoyoteAdapter.java:344)
	at org.apache.coyote.http11.Http11Processor.service(Http11Processor.java:384)
	at org.apache.coyote.AbstractProcessorLight.process(AbstractProcessorLight.java:63)
	at org.apache.coyote.AbstractProtocol$ConnectionHandler.process(AbstractProtocol.java:905)
	at org.apache.tomcat.util.net.NioEndpoint$SocketProcessor.doRun(NioEndpoint.java:1741)
	at org.apache.tomcat.util.net.SocketProcessorBase.run(SocketProcessorBase.java:52)
	at org.apache.tomcat.util.threads.ThreadPoolExecutor.runWorker(ThreadPoolExecutor.java:1190)
	at org.apache.tomcat.util.threads.ThreadPoolExecutor$Worker.run(ThreadPoolExecutor.java:659)
	at org.apache.tomcat.util.threads.TaskThread$WrappingRunnable.run(TaskThread.java:63)
	at java.base/java.lang.Thread.run(Thread.java:1583)
2025-11-21 00:44:31 [http-nio-8081-exec-4] INFO  a.b.l.c.ContenedorController - [LOGISTICA] [TRACKING] Consultando estado para ContenedorID: 1
2025-11-21 00:44:31 [http-nio-8081-exec-4] INFO  a.b.l.c.ContenedorController - [LOGISTICA] [TRACKING] Estado actual: ENTREGADO
2025-11-21 00:44:32 [http-nio-8081-exec-5] INFO  a.b.l.controller.SolicitudController - [LOGISTICA] [RUTA_TENTATIVA] Generando ruta para SolicitudID: 1
2025-11-21 00:44:32 [http-nio-8081-exec-5] INFO  a.b.l.service.SolicitudService - [SERVICIO] [RUTA_TENTATIVA] Calculando ruta para SolicitudID: 1
2025-11-21 00:44:33 [http-nio-8081-exec-5] INFO  a.b.l.service.SolicitudService - [SERVICIO] [RUTA_TENTATIVA] Tramos procesados. Distancia Total: 26.42 km. Tiempo Total: 40.05 min.
2025-11-21 00:44:33 [http-nio-8081-exec-5] INFO  a.b.l.service.SolicitudService - [SERVICIO] [CAMION_CLIENT] Buscando camiones aptos. Volumen: 10.0, Peso: 10.0
2025-11-21 00:44:33 [http-nio-8081-exec-5] INFO  a.b.l.service.SolicitudService - [SERVICIO] [COSTOS] Calculo finalizado. BaseContenedor: 1321.21, Combustible: 1321.21, BaseCamiones: 3170.90, Gestion: 200.00. TOTAL: 6013.32
2025-11-21 00:44:33 [http-nio-8081-exec-5] INFO  a.b.l.controller.SolicitudController - [LOGISTICA] [RUTA_TENTATIVA] Ruta generada. Costo Estimado: 6013.3240000000005
2025-11-21 00:44:33 [http-nio-8081-exec-6] INFO  a.b.l.controller.DepositoController - [LOGISTICA] [CREAR_DEPOSITO] Recibida solicitud de alta.
2025-11-21 00:44:33 [http-nio-8081-exec-6] INFO  a.b.l.service.DepositoService - [SERVICIO] [CREAR_DEPOSITO] Procesando alta. Nombre: Deposito UTN, Costo Diario: 20.0
2025-11-21 00:44:33 [http-nio-8081-exec-6] INFO  a.b.l.service.DepositoService - [SERVICIO] [CREAR_DEPOSITO] Guardado exitoso. ID Generado: 2
2025-11-21 00:44:33 [http-nio-8081-exec-6] INFO  a.b.l.controller.DepositoController - [LOGISTICA] [CREAR_DEPOSITO] Depósito creado exitosamente con ID: 2
2025-11-21 00:44:33 [http-nio-8081-exec-7] INFO  a.b.l.controller.SolicitudController - [LOGISTICA] [LISTAR_RUTAS] Solicitando rutas para SolicitudID: 1
2025-11-21 00:44:33 [http-nio-8081-exec-7] INFO  a.b.l.service.SolicitudService - [SERVICIO] [LISTAR_RUTAS] Consultando rutas para SolicitudID: 1
2025-11-21 00:44:33 [http-nio-8081-exec-7] INFO  a.b.l.controller.SolicitudController - [LOGISTICA] [LISTAR_RUTAS] Respuesta enviada.
2025-11-21 00:44:33 [http-nio-8081-exec-8] INFO  a.b.l.controller.SolicitudController - [LOGISTICA] [ASIGNAR_RUTA] Recibida petición de asignación. SolicitudID: 1
2025-11-21 00:44:33 [http-nio-8081-exec-8] INFO  a.b.l.service.SolicitudService - [SERVICIO] [ASIGNAR_RUTA] Procesando asignación. SolicitudID: 1, RutaID: 1
2025-11-21 00:44:33 [http-nio-8081-exec-8] INFO  a.b.l.service.SolicitudService - [SERVICIO] [ASIGNAR_RUTA] Ruta asignada con éxito. Estado actualizado a PROGRAMADA.
2025-11-21 00:44:33 [http-nio-8081-exec-8] INFO  a.b.l.controller.SolicitudController - [LOGISTICA] [ASIGNAR_RUTA] Ruta asignada. Estado actual: PROGRAMADA
2025-11-21 00:44:34 [http-nio-8081-exec-9] INFO  a.b.l.c.ContenedorController - [LOGISTICA] [PENDIENTES] Consultando contenedores. Filtro estado: TODOS
2025-11-21 00:44:34 [http-nio-8081-exec-9] INFO  a.b.l.service.ContenedorService - [SERVICIO] [PENDIENTES] Consultando listado. Filtro aplicado: NINGUNO (Todos los no entregados)
2025-11-21 00:44:34 [http-nio-8081-exec-9] INFO  a.b.l.service.ContenedorService - [SERVICIO] [PENDIENTES] Resultados encontrados: 2
2025-11-21 00:44:34 [http-nio-8081-exec-9] INFO  a.b.l.c.ContenedorController - [LOGISTICA] [PENDIENTES] Se encontraron 2 contenedores.
2025-11-21 00:44:34 [http-nio-8081-exec-10] INFO  a.b.l.controller.TramoController - [LOGISTICA] [ASIGNAR_CAMION] Vinculando Patente: ABC-123 al TramoID: 1
2025-11-21 00:44:34 [http-nio-8081-exec-10] INFO  a.b.logistica.service.TramoService - [SERVICIO] [ASIGNAR_CAMION] TramoID: 1, Patente: ABC-123
2025-11-21 00:44:34 [http-nio-8081-exec-10] INFO  a.b.logistica.service.TramoService - [SERVICIO] [CLIENT_FLOTA] Cambiando estado de Camión ABC-123 a NO_DISPONIBLE
2025-11-21 00:44:34 [http-nio-8081-exec-10] INFO  a.b.logistica.service.TramoService - [SERVICIO] [ASIGNAR_CAMION] Asignación exitosa.
2025-11-21 00:44:34 [http-nio-8081-exec-10] INFO  a.b.l.controller.TramoController - [LOGISTICA] [ASIGNAR_CAMION] Camión asignado correctamente.
2025-11-21 00:44:34 [http-nio-8081-exec-1] INFO  a.b.l.controller.TramoController - [LOGISTICA] [ASIGNAR_CAMION] Vinculando Patente: ABC-124 al TramoID: 2
2025-11-21 00:44:34 [http-nio-8081-exec-1] INFO  a.b.logistica.service.TramoService - [SERVICIO] [ASIGNAR_CAMION] TramoID: 2, Patente: ABC-124
2025-11-21 00:44:34 [http-nio-8081-exec-1] INFO  a.b.logistica.service.TramoService - [SERVICIO] [CLIENT_FLOTA] Cambiando estado de Camión ABC-124 a NO_DISPONIBLE
2025-11-21 00:44:34 [http-nio-8081-exec-1] INFO  a.b.logistica.service.TramoService - [SERVICIO] [ASIGNAR_CAMION] Asignación exitosa.
2025-11-21 00:44:34 [http-nio-8081-exec-1] INFO  a.b.l.controller.TramoController - [LOGISTICA] [ASIGNAR_CAMION] Camión asignado correctamente.
2025-11-21 00:44:34 [http-nio-8081-exec-2] INFO  a.b.l.controller.TramoController - [LOGISTICA] [ASIGNAR_CHOFER] Vinculando ChoferID: 1 al TramoID: 1
2025-11-21 00:44:34 [http-nio-8081-exec-2] INFO  a.b.logistica.service.TramoService - [SERVICIO] [ASIGNAR_CHOFER] TramoID: 1, ChoferID: 1
2025-11-21 00:44:34 [http-nio-8081-exec-2] INFO  a.b.logistica.service.TramoService - [SERVICIO] [CLIENT_FLOTA] Solicitando asignación en microservicio Flota.
2025-11-21 00:44:35 [http-nio-8081-exec-2] INFO  a.b.logistica.service.TramoService - [SERVICIO] [ASIGNAR_CHOFER] Asignación exitosa.
2025-11-21 00:44:35 [http-nio-8081-exec-2] INFO  a.b.l.controller.TramoController - [LOGISTICA] [ASIGNAR_CHOFER] Chofer asignado correctamente.
2025-11-21 00:44:35 [http-nio-8081-exec-3] INFO  a.b.l.controller.TramoController - [LOGISTICA] [ASIGNAR_CHOFER] Vinculando ChoferID: 2 al TramoID: 2
2025-11-21 00:44:35 [http-nio-8081-exec-3] INFO  a.b.logistica.service.TramoService - [SERVICIO] [ASIGNAR_CHOFER] TramoID: 2, ChoferID: 2
2025-11-21 00:44:35 [http-nio-8081-exec-3] INFO  a.b.logistica.service.TramoService - [SERVICIO] [CLIENT_FLOTA] Solicitando asignación en microservicio Flota.
2025-11-21 00:44:35 [http-nio-8081-exec-3] INFO  a.b.logistica.service.TramoService - [SERVICIO] [ASIGNAR_CHOFER] Asignación exitosa.
2025-11-21 00:44:35 [http-nio-8081-exec-3] INFO  a.b.l.controller.TramoController - [LOGISTICA] [ASIGNAR_CHOFER] Chofer asignado correctamente.
2025-11-21 00:44:36 [http-nio-8081-exec-4] INFO  a.b.l.controller.TramoController - [LOGISTICA] [CONSULTA_ASIGNADOS] Consultando estado de 1 tramos.
2025-11-21 00:44:37 [http-nio-8081-exec-5] INFO  a.b.l.controller.TramoController - [LOGISTICA] [TRAMO_INICIO] Reporte de inicio recibido. TramoID: 1
2025-11-21 00:44:37 [http-nio-8081-exec-5] INFO  a.b.logistica.service.TramoService - [SERVICIO] [INICIAR_TRAMO] Procesando inicio para TramoID: 1
2025-11-21 00:44:37 [http-nio-8081-exec-5] INFO  a.b.logistica.service.TramoService - [SERVICIO] [INICIAR_TRAMO] Actualizando estados. SolicitudID: 1, ContenedorID: 1 -> EN_TRANSITO
2025-11-21 00:44:37 [http-nio-8081-exec-5] INFO  a.b.logistica.service.TramoService - [SERVICIO] [INICIAR_TRAMO] Inicio registrado correctamente a las: 2025-11-21T00:44:37.020756800
2025-11-21 00:44:37 [http-nio-8081-exec-5] INFO  a.b.l.controller.TramoController - [LOGISTICA] [TRAMO_INICIO] Tramo iniciado exitosamente. Fecha Real: 2025-11-21T00:44:37.020756800
2025-11-21 00:44:37 [http-nio-8081-exec-6] INFO  a.b.l.controller.TramoController - [LOGISTICA] [TRAMO_FIN] Reporte de fin recibido. TramoID: 1
2025-11-21 00:44:37 [http-nio-8081-exec-6] INFO  a.b.logistica.service.TramoService - [SERVICIO] [FINALIZAR_TRAMO] Procesando fin para TramoID: 1
2025-11-21 00:44:37 [http-nio-8081-exec-6] INFO  a.b.logistica.service.TramoService - [SERVICIO] [FINALIZAR_TRAMO] Tramo intermedio. Ingresando contenedor a DEPÓSITO.
2025-11-21 00:44:37 [http-nio-8081-exec-6] ERROR o.a.c.c.C.[.[.[.[dispatcherServlet] - Servlet.service() for servlet [dispatcherServlet] in context with path [] threw exception [Request processing failed: org.springframework.dao.IncorrectResultSizeDataAccessException: Query did not return a unique result: 2 results were returned] with root cause
org.hibernate.NonUniqueResultException: Query did not return a unique result: 2 results were returned
	at org.hibernate.query.spi.AbstractSelectionQuery.uniqueElement(AbstractSelectionQuery.java:578)
	at org.hibernate.query.spi.AbstractSelectionQuery.getSingleResult(AbstractSelectionQuery.java:561)
	at org.springframework.data.jpa.repository.query.JpaQueryExecution$SingleEntityExecution.doExecute(JpaQueryExecution.java:223)
	at org.springframework.data.jpa.repository.query.JpaQueryExecution.execute(JpaQueryExecution.java:92)
	at org.springframework.data.jpa.repository.query.AbstractJpaQuery.doExecute(AbstractJpaQuery.java:152)
	at org.springframework.data.jpa.repository.query.AbstractJpaQuery.execute(AbstractJpaQuery.java:140)
	at org.springframework.data.repository.core.support.RepositoryMethodInvoker.doInvoke(RepositoryMethodInvoker.java:170)
	at org.springframework.data.repository.core.support.RepositoryMethodInvoker.invoke(RepositoryMethodInvoker.java:158)
	at org.springframework.data.repository.core.support.QueryExecutorMethodInterceptor.doInvoke(QueryExecutorMethodInterceptor.java:169)
	at org.springframework.data.repository.core.support.QueryExecutorMethodInterceptor.invoke(QueryExecutorMethodInterceptor.java:148)
	at org.springframework.aop.framework.ReflectiveMethodInvocation.proceed(ReflectiveMethodInvocation.java:184)
	at org.springframework.data.projection.DefaultMethodInvokingMethodInterceptor.invoke(DefaultMethodInvokingMethodInterceptor.java:70)
	at org.springframework.aop.framework.ReflectiveMethodInvocation.proceed(ReflectiveMethodInvocation.java:184)
	at org.springframework.transaction.interceptor.TransactionAspectSupport.invokeWithinTransaction(TransactionAspectSupport.java:379)
	at org.springframework.transaction.interceptor.TransactionInterceptor.invoke(TransactionInterceptor.java:119)
	at org.springframework.aop.framework.ReflectiveMethodInvocation.proceed(ReflectiveMethodInvocation.java:184)
	at org.springframework.dao.support.PersistenceExceptionTranslationInterceptor.invoke(PersistenceExceptionTranslationInterceptor.java:138)
	at org.springframework.aop.framework.ReflectiveMethodInvocation.proceed(ReflectiveMethodInvocation.java:184)
	at org.springframework.data.jpa.repository.support.CrudMethodMetadataPostProcessor$CrudMethodMetadataPopulatingMethodInterceptor.invoke(CrudMethodMetadataPostProcessor.java:136)
	at org.springframework.aop.framework.ReflectiveMethodInvocation.proceed(ReflectiveMethodInvocation.java:184)
	at org.springframework.aop.interceptor.ExposeInvocationInterceptor.invoke(ExposeInvocationInterceptor.java:97)
	at org.springframework.aop.framework.ReflectiveMethodInvocation.proceed(ReflectiveMethodInvocation.java:184)
	at org.springframework.aop.framework.JdkDynamicAopProxy.invoke(JdkDynamicAopProxy.java:223)
	at jdk.proxy2/jdk.proxy2.$Proxy162.findByIdUbicacion(Unknown Source)
	at ar.backend.logistica.service.TramoService.finalizarTramo(TramoService.java:144)
	at java.base/jdk.internal.reflect.DirectMethodHandleAccessor.invoke(DirectMethodHandleAccessor.java:103)
	at java.base/java.lang.reflect.Method.invoke(Method.java:580)
	at org.springframework.aop.support.AopUtils.invokeJoinpointUsingReflection(AopUtils.java:355)
	at org.springframework.aop.framework.ReflectiveMethodInvocation.invokeJoinpoint(ReflectiveMethodInvocation.java:196)
	at org.springframework.aop.framework.ReflectiveMethodInvocation.proceed(ReflectiveMethodInvocation.java:163)
	at org.springframework.aop.framework.CglibAopProxy$CglibMethodInvocation.proceed(CglibAopProxy.java:768)
	at org.springframework.transaction.interceptor.TransactionAspectSupport.invokeWithinTransaction(TransactionAspectSupport.java:379)
	at org.springframework.transaction.interceptor.TransactionInterceptor.invoke(TransactionInterceptor.java:119)
	at org.springframework.aop.framework.ReflectiveMethodInvocation.proceed(ReflectiveMethodInvocation.java:184)
	at org.springframework.aop.framework.CglibAopProxy$CglibMethodInvocation.proceed(CglibAopProxy.java:768)
	at org.springframework.aop.framework.CglibAopProxy$DynamicAdvisedInterceptor.intercept(CglibAopProxy.java:720)
	at ar.backend.logistica.service.TramoService$$SpringCGLIB$$0.finalizarTramo(<generated>)
	at ar.backend.logistica.controller.TramoController.finalizarTramo(TramoController.java:71)
	at java.base/jdk.internal.reflect.DirectMethodHandleAccessor.invoke(DirectMethodHandleAccessor.java:103)
	at java.base/java.lang.reflect.Method.invoke(Method.java:580)
	at org.springframework.aop.support.AopUtils.invokeJoinpointUsingReflection(AopUtils.java:355)
	at org.springframework.aop.framework.ReflectiveMethodInvocation.invokeJoinpoint(ReflectiveMethodInvocation.java:196)
	at org.springframework.aop.framework.ReflectiveMethodInvocation.proceed(ReflectiveMethodInvocation.java:163)
	at org.springframework.aop.framework.CglibAopProxy$CglibMethodInvocation.proceed(CglibAopProxy.java:768)
	at org.springframework.security.authorization.method.AuthorizationManagerBeforeMethodInterceptor.proceed(AuthorizationManagerBeforeMethodInterceptor.java:269)
	at org.springframework.security.authorization.method.AuthorizationManagerBeforeMethodInterceptor.attemptAuthorization(AuthorizationManagerBeforeMethodInterceptor.java:264)
	at org.springframework.security.authorization.method.AuthorizationManagerBeforeMethodInterceptor.invoke(AuthorizationManagerBeforeMethodInterceptor.java:197)
	at org.springframework.security.config.annotation.method.configuration.DeferringMethodInterceptor.invoke(DeferringMethodInterceptor.java:44)
	at org.springframework.aop.framework.ReflectiveMethodInvocation.proceed(ReflectiveMethodInvocation.java:184)
	at org.springframework.aop.framework.CglibAopProxy$CglibMethodInvocation.proceed(CglibAopProxy.java:768)
	at org.springframework.aop.framework.CglibAopProxy$DynamicAdvisedInterceptor.intercept(CglibAopProxy.java:720)
	at ar.backend.logistica.controller.TramoController$$SpringCGLIB$$0.finalizarTramo(<generated>)
	at java.base/jdk.internal.reflect.DirectMethodHandleAccessor.invoke(DirectMethodHandleAccessor.java:103)
	at java.base/java.lang.reflect.Method.invoke(Method.java:580)
	at org.springframework.web.method.support.InvocableHandlerMethod.doInvoke(InvocableHandlerMethod.java:255)
	at org.springframework.web.method.support.InvocableHandlerMethod.invokeForRequest(InvocableHandlerMethod.java:188)
	at org.springframework.web.servlet.mvc.method.annotation.ServletInvocableHandlerMethod.invokeAndHandle(ServletInvocableHandlerMethod.java:118)
	at org.springframework.web.servlet.mvc.method.annotation.RequestMappingHandlerAdapter.invokeHandlerMethod(RequestMappingHandlerAdapter.java:926)
	at org.springframework.web.servlet.mvc.method.annotation.RequestMappingHandlerAdapter.handleInternal(RequestMappingHandlerAdapter.java:831)
	at org.springframework.web.servlet.mvc.method.AbstractHandlerMethodAdapter.handle(AbstractHandlerMethodAdapter.java:87)
	at org.springframework.web.servlet.DispatcherServlet.doDispatch(DispatcherServlet.java:1089)
	at org.springframework.web.servlet.DispatcherServlet.doService(DispatcherServlet.java:979)
	at org.springframework.web.servlet.FrameworkServlet.processRequest(FrameworkServlet.java:1014)
	at org.springframework.web.servlet.FrameworkServlet.doPost(FrameworkServlet.java:914)
	at jakarta.servlet.http.HttpServlet.service(HttpServlet.java:590)
	at org.springframework.web.servlet.FrameworkServlet.service(FrameworkServlet.java:885)
	at jakarta.servlet.http.HttpServlet.service(HttpServlet.java:658)
	at org.apache.catalina.core.ApplicationFilterChain.internalDoFilter(ApplicationFilterChain.java:195)
	at org.apache.catalina.core.ApplicationFilterChain.doFilter(ApplicationFilterChain.java:140)
	at org.apache.tomcat.websocket.server.WsFilter.doFilter(WsFilter.java:51)
	at org.apache.catalina.core.ApplicationFilterChain.internalDoFilter(ApplicationFilterChain.java:164)
	at org.apache.catalina.core.ApplicationFilterChain.doFilter(ApplicationFilterChain.java:140)
	at org.springframework.web.filter.CompositeFilter$VirtualFilterChain.doFilter(CompositeFilter.java:108)
	at org.springframework.security.web.FilterChainProxy.lambda$doFilterInternal$3(FilterChainProxy.java:231)
	at org.springframework.security.web.FilterChainProxy$VirtualFilterChain.doFilter(FilterChainProxy.java:365)
	at org.springframework.security.web.access.intercept.AuthorizationFilter.doFilter(AuthorizationFilter.java:100)
	at org.springframework.security.web.FilterChainProxy$VirtualFilterChain.doFilter(FilterChainProxy.java:374)
	at org.springframework.security.web.access.ExceptionTranslationFilter.doFilter(ExceptionTranslationFilter.java:126)
	at org.springframework.security.web.access.ExceptionTranslationFilter.doFilter(ExceptionTranslationFilter.java:120)
	at org.springframework.security.web.FilterChainProxy$VirtualFilterChain.doFilter(FilterChainProxy.java:374)
	at org.springframework.security.web.authentication.AnonymousAuthenticationFilter.doFilter(AnonymousAuthenticationFilter.java:100)
	at org.springframework.security.web.FilterChainProxy$VirtualFilterChain.doFilter(FilterChainProxy.java:374)
	at org.springframework.security.web.servletapi.SecurityContextHolderAwareRequestFilter.doFilter(SecurityContextHolderAwareRequestFilter.java:179)
	at org.springframework.security.web.FilterChainProxy$VirtualFilterChain.doFilter(FilterChainProxy.java:374)
	at org.springframework.security.web.savedrequest.RequestCacheAwareFilter.doFilter(RequestCacheAwareFilter.java:63)
	at org.springframework.security.web.FilterChainProxy$VirtualFilterChain.doFilter(FilterChainProxy.java:374)
	at org.springframework.security.oauth2.server.resource.web.authentication.BearerTokenAuthenticationFilter.doFilterInternal(BearerTokenAuthenticationFilter.java:145)
	at org.springframework.web.filter.OncePerRequestFilter.doFilter(OncePerRequestFilter.java:116)
	at org.springframework.security.web.FilterChainProxy$VirtualFilterChain.doFilter(FilterChainProxy.java:374)
	at org.springframework.security.web.authentication.logout.LogoutFilter.doFilter(LogoutFilter.java:107)
	at org.springframework.security.web.authentication.logout.LogoutFilter.doFilter(LogoutFilter.java:93)
	at org.springframework.security.web.FilterChainProxy$VirtualFilterChain.doFilter(FilterChainProxy.java:374)
	at org.springframework.security.web.header.HeaderWriterFilter.doHeadersAfter(HeaderWriterFilter.java:90)
	at org.springframework.security.web.header.HeaderWriterFilter.doFilterInternal(HeaderWriterFilter.java:75)
	at org.springframework.web.filter.OncePerRequestFilter.doFilter(OncePerRequestFilter.java:116)
	at org.springframework.security.web.FilterChainProxy$VirtualFilterChain.doFilter(FilterChainProxy.java:374)
	at org.springframework.security.web.context.SecurityContextHolderFilter.doFilter(SecurityContextHolderFilter.java:82)
	at org.springframework.security.web.context.SecurityContextHolderFilter.doFilter(SecurityContextHolderFilter.java:69)
	at org.springframework.security.web.FilterChainProxy$VirtualFilterChain.doFilter(FilterChainProxy.java:374)
	at org.springframework.security.web.context.request.async.WebAsyncManagerIntegrationFilter.doFilterInternal(WebAsyncManagerIntegrationFilter.java:62)
	at org.springframework.web.filter.OncePerRequestFilter.doFilter(OncePerRequestFilter.java:116)
	at org.springframework.security.web.FilterChainProxy$VirtualFilterChain.doFilter(FilterChainProxy.java:374)
	at org.springframework.security.web.session.DisableEncodeUrlFilter.doFilterInternal(DisableEncodeUrlFilter.java:42)
	at org.springframework.web.filter.OncePerRequestFilter.doFilter(OncePerRequestFilter.java:116)
	at org.springframework.security.web.FilterChainProxy$VirtualFilterChain.doFilter(FilterChainProxy.java:374)
	at org.springframework.security.web.FilterChainProxy.doFilterInternal(FilterChainProxy.java:233)
	at org.springframework.security.web.FilterChainProxy.doFilter(FilterChainProxy.java:191)
	at org.springframework.web.filter.CompositeFilter$VirtualFilterChain.doFilter(CompositeFilter.java:113)
	at org.springframework.web.servlet.handler.HandlerMappingIntrospector.lambda$createCacheFilter$3(HandlerMappingIntrospector.java:195)
	at org.springframework.web.filter.CompositeFilter$VirtualFilterChain.doFilter(CompositeFilter.java:113)
	at org.springframework.web.filter.CompositeFilter.doFilter(CompositeFilter.java:74)
	at org.springframework.security.config.annotation.web.configuration.WebMvcSecurityConfiguration$CompositeFilterChainProxy.doFilter(WebMvcSecurityConfiguration.java:230)
	at org.springframework.web.filter.DelegatingFilterProxy.invokeDelegate(DelegatingFilterProxy.java:362)
	at org.springframework.web.filter.DelegatingFilterProxy.doFilter(DelegatingFilterProxy.java:278)
	at org.apache.catalina.core.ApplicationFilterChain.internalDoFilter(ApplicationFilterChain.java:164)
	at org.apache.catalina.core.ApplicationFilterChain.doFilter(ApplicationFilterChain.java:140)
	at org.springframework.web.filter.RequestContextFilter.doFilterInternal(RequestContextFilter.java:100)
	at org.springframework.web.filter.OncePerRequestFilter.doFilter(OncePerRequestFilter.java:116)
	at org.apache.catalina.core.ApplicationFilterChain.internalDoFilter(ApplicationFilterChain.java:164)
	at org.apache.catalina.core.ApplicationFilterChain.doFilter(ApplicationFilterChain.java:140)
	at org.springframework.web.filter.FormContentFilter.doFilterInternal(FormContentFilter.java:93)
	at org.springframework.web.filter.OncePerRequestFilter.doFilter(OncePerRequestFilter.java:116)
	at org.apache.catalina.core.ApplicationFilterChain.internalDoFilter(ApplicationFilterChain.java:164)
	at org.apache.catalina.core.ApplicationFilterChain.doFilter(ApplicationFilterChain.java:140)
	at org.springframework.web.filter.CharacterEncodingFilter.doFilterInternal(CharacterEncodingFilter.java:201)
	at org.springframework.web.filter.OncePerRequestFilter.doFilter(OncePerRequestFilter.java:116)
	at org.apache.catalina.core.ApplicationFilterChain.internalDoFilter(ApplicationFilterChain.java:164)
	at org.apache.catalina.core.ApplicationFilterChain.doFilter(ApplicationFilterChain.java:140)
	at org.apache.catalina.core.StandardWrapperValve.invoke(StandardWrapperValve.java:167)
	at org.apache.catalina.core.StandardContextValve.invoke(StandardContextValve.java:90)
	at org.apache.catalina.authenticator.AuthenticatorBase.invoke(AuthenticatorBase.java:483)
	at org.apache.catalina.core.StandardHostValve.invoke(StandardHostValve.java:115)
	at org.apache.catalina.valves.ErrorReportValve.invoke(ErrorReportValve.java:93)
	at org.apache.catalina.core.StandardEngineValve.invoke(StandardEngineValve.java:74)
	at org.apache.catalina.connector.CoyoteAdapter.service(CoyoteAdapter.java:344)
	at org.apache.coyote.http11.Http11Processor.service(Http11Processor.java:384)
	at org.apache.coyote.AbstractProcessorLight.process(AbstractProcessorLight.java:63)
	at org.apache.coyote.AbstractProtocol$ConnectionHandler.process(AbstractProtocol.java:905)
	at org.apache.tomcat.util.net.NioEndpoint$SocketProcessor.doRun(NioEndpoint.java:1741)
	at org.apache.tomcat.util.net.SocketProcessorBase.run(SocketProcessorBase.java:52)
	at org.apache.tomcat.util.threads.ThreadPoolExecutor.runWorker(ThreadPoolExecutor.java:1190)
	at org.apache.tomcat.util.threads.ThreadPoolExecutor$Worker.run(ThreadPoolExecutor.java:659)
	at org.apache.tomcat.util.threads.TaskThread$WrappingRunnable.run(TaskThread.java:63)
	at java.base/java.lang.Thread.run(Thread.java:1583)
2025-11-21 00:44:37 [http-nio-8081-exec-7] INFO  a.b.l.controller.DepositoController - [LOGISTICA] [STOCK_DEPOSITO] Consultando stock para DepositoID: 1
2025-11-21 00:44:37 [http-nio-8081-exec-7] INFO  a.b.l.service.DepositoService - [SERVICIO] [STOCK_DEPOSITO] Verificando inventario para DepositoID: 1
2025-11-21 00:44:37 [http-nio-8081-exec-7] INFO  a.b.l.service.DepositoService - [SERVICIO] [STOCK_DEPOSITO] Stock encontrado: 0 contenedores.
2025-11-21 00:44:37 [http-nio-8081-exec-7] INFO  a.b.l.controller.DepositoController - [LOGISTICA] [STOCK_DEPOSITO] Consulta finalizada. Total contenedores: 0
2025-11-21 00:44:37 [http-nio-8081-exec-8] INFO  a.b.l.controller.TramoController - [LOGISTICA] [TRAMO_INICIO] Reporte de inicio recibido. TramoID: 2
2025-11-21 00:44:37 [http-nio-8081-exec-8] INFO  a.b.logistica.service.TramoService - [SERVICIO] [INICIAR_TRAMO] Procesando inicio para TramoID: 2
2025-11-21 00:44:37 [http-nio-8081-exec-8] INFO  a.b.logistica.service.TramoService - [SERVICIO] [INICIAR_TRAMO] Actualizando estados. SolicitudID: 1, ContenedorID: 1 -> EN_TRANSITO
2025-11-21 00:44:37 [http-nio-8081-exec-8] INFO  a.b.logistica.service.TramoService - [SERVICIO] [INICIAR_TRAMO] Salida de depósito detectada. Removiendo contenedor del inventario.
2025-11-21 00:44:37 [http-nio-8081-exec-8] ERROR o.a.c.c.C.[.[.[.[dispatcherServlet] - Servlet.service() for servlet [dispatcherServlet] in context with path [] threw exception [Request processing failed: org.springframework.dao.IncorrectResultSizeDataAccessException: Query did not return a unique result: 2 results were returned] with root cause
org.hibernate.NonUniqueResultException: Query did not return a unique result: 2 results were returned
	at org.hibernate.query.spi.AbstractSelectionQuery.uniqueElement(AbstractSelectionQuery.java:578)
	at org.hibernate.query.spi.AbstractSelectionQuery.getSingleResult(AbstractSelectionQuery.java:561)
	at org.springframework.data.jpa.repository.query.JpaQueryExecution$SingleEntityExecution.doExecute(JpaQueryExecution.java:223)
	at org.springframework.data.jpa.repository.query.JpaQueryExecution.execute(JpaQueryExecution.java:92)
	at org.springframework.data.jpa.repository.query.AbstractJpaQuery.doExecute(AbstractJpaQuery.java:152)
	at org.springframework.data.jpa.repository.query.AbstractJpaQuery.execute(AbstractJpaQuery.java:140)
	at org.springframework.data.repository.core.support.RepositoryMethodInvoker.doInvoke(RepositoryMethodInvoker.java:170)
	at org.springframework.data.repository.core.support.RepositoryMethodInvoker.invoke(RepositoryMethodInvoker.java:158)
	at org.springframework.data.repository.core.support.QueryExecutorMethodInterceptor.doInvoke(QueryExecutorMethodInterceptor.java:169)
	at org.springframework.data.repository.core.support.QueryExecutorMethodInterceptor.invoke(QueryExecutorMethodInterceptor.java:148)
	at org.springframework.aop.framework.ReflectiveMethodInvocation.proceed(ReflectiveMethodInvocation.java:184)
	at org.springframework.data.projection.DefaultMethodInvokingMethodInterceptor.invoke(DefaultMethodInvokingMethodInterceptor.java:70)
	at org.springframework.aop.framework.ReflectiveMethodInvocation.proceed(ReflectiveMethodInvocation.java:184)
	at org.springframework.transaction.interceptor.TransactionAspectSupport.invokeWithinTransaction(TransactionAspectSupport.java:379)
	at org.springframework.transaction.interceptor.TransactionInterceptor.invoke(TransactionInterceptor.java:119)
	at org.springframework.aop.framework.ReflectiveMethodInvocation.proceed(ReflectiveMethodInvocation.java:184)
	at org.springframework.dao.support.PersistenceExceptionTranslationInterceptor.invoke(PersistenceExceptionTranslationInterceptor.java:138)
	at org.springframework.aop.framework.ReflectiveMethodInvocation.proceed(ReflectiveMethodInvocation.java:184)
	at org.springframework.data.jpa.repository.support.CrudMethodMetadataPostProcessor$CrudMethodMetadataPopulatingMethodInterceptor.invoke(CrudMethodMetadataPostProcessor.java:136)
	at org.springframework.aop.framework.ReflectiveMethodInvocation.proceed(ReflectiveMethodInvocation.java:184)
	at org.springframework.aop.interceptor.ExposeInvocationInterceptor.invoke(ExposeInvocationInterceptor.java:97)
	at org.springframework.aop.framework.ReflectiveMethodInvocation.proceed(ReflectiveMethodInvocation.java:184)
	at org.springframework.aop.framework.JdkDynamicAopProxy.invoke(JdkDynamicAopProxy.java:223)
	at jdk.proxy2/jdk.proxy2.$Proxy162.findByIdUbicacion(Unknown Source)
	at ar.backend.logistica.service.TramoService.iniciarTramo(TramoService.java:85)
	at java.base/jdk.internal.reflect.DirectMethodHandleAccessor.invoke(DirectMethodHandleAccessor.java:103)
	at java.base/java.lang.reflect.Method.invoke(Method.java:580)
	at org.springframework.aop.support.AopUtils.invokeJoinpointUsingReflection(AopUtils.java:355)
	at org.springframework.aop.framework.ReflectiveMethodInvocation.invokeJoinpoint(ReflectiveMethodInvocation.java:196)
	at org.springframework.aop.framework.ReflectiveMethodInvocation.proceed(ReflectiveMethodInvocation.java:163)
	at org.springframework.aop.framework.CglibAopProxy$CglibMethodInvocation.proceed(CglibAopProxy.java:768)
	at org.springframework.transaction.interceptor.TransactionAspectSupport.invokeWithinTransaction(TransactionAspectSupport.java:379)
	at org.springframework.transaction.interceptor.TransactionInterceptor.invoke(TransactionInterceptor.java:119)
	at org.springframework.aop.framework.ReflectiveMethodInvocation.proceed(ReflectiveMethodInvocation.java:184)
	at org.springframework.aop.framework.CglibAopProxy$CglibMethodInvocation.proceed(CglibAopProxy.java:768)
	at org.springframework.aop.framework.CglibAopProxy$DynamicAdvisedInterceptor.intercept(CglibAopProxy.java:720)
	at ar.backend.logistica.service.TramoService$$SpringCGLIB$$0.iniciarTramo(<generated>)
	at ar.backend.logistica.controller.TramoController.iniciarTramo(TramoController.java:51)
	at java.base/jdk.internal.reflect.DirectMethodHandleAccessor.invoke(DirectMethodHandleAccessor.java:103)
	at java.base/java.lang.reflect.Method.invoke(Method.java:580)
	at org.springframework.aop.support.AopUtils.invokeJoinpointUsingReflection(AopUtils.java:355)
	at org.springframework.aop.framework.ReflectiveMethodInvocation.invokeJoinpoint(ReflectiveMethodInvocation.java:196)
	at org.springframework.aop.framework.ReflectiveMethodInvocation.proceed(ReflectiveMethodInvocation.java:163)
	at org.springframework.aop.framework.CglibAopProxy$CglibMethodInvocation.proceed(CglibAopProxy.java:768)
	at org.springframework.security.authorization.method.AuthorizationManagerBeforeMethodInterceptor.proceed(AuthorizationManagerBeforeMethodInterceptor.java:269)
	at org.springframework.security.authorization.method.AuthorizationManagerBeforeMethodInterceptor.attemptAuthorization(AuthorizationManagerBeforeMethodInterceptor.java:264)
	at org.springframework.security.authorization.method.AuthorizationManagerBeforeMethodInterceptor.invoke(AuthorizationManagerBeforeMethodInterceptor.java:197)
	at org.springframework.security.config.annotation.method.configuration.DeferringMethodInterceptor.invoke(DeferringMethodInterceptor.java:44)
	at org.springframework.aop.framework.ReflectiveMethodInvocation.proceed(ReflectiveMethodInvocation.java:184)
	at org.springframework.aop.framework.CglibAopProxy$CglibMethodInvocation.proceed(CglibAopProxy.java:768)
	at org.springframework.aop.framework.CglibAopProxy$DynamicAdvisedInterceptor.intercept(CglibAopProxy.java:720)
	at ar.backend.logistica.controller.TramoController$$SpringCGLIB$$0.iniciarTramo(<generated>)
	at java.base/jdk.internal.reflect.DirectMethodHandleAccessor.invoke(DirectMethodHandleAccessor.java:103)
	at java.base/java.lang.reflect.Method.invoke(Method.java:580)
	at org.springframework.web.method.support.InvocableHandlerMethod.doInvoke(InvocableHandlerMethod.java:255)
	at org.springframework.web.method.support.InvocableHandlerMethod.invokeForRequest(InvocableHandlerMethod.java:188)
	at org.springframework.web.servlet.mvc.method.annotation.ServletInvocableHandlerMethod.invokeAndHandle(ServletInvocableHandlerMethod.java:118)
	at org.springframework.web.servlet.mvc.method.annotation.RequestMappingHandlerAdapter.invokeHandlerMethod(RequestMappingHandlerAdapter.java:926)
	at org.springframework.web.servlet.mvc.method.annotation.RequestMappingHandlerAdapter.handleInternal(RequestMappingHandlerAdapter.java:831)
	at org.springframework.web.servlet.mvc.method.AbstractHandlerMethodAdapter.handle(AbstractHandlerMethodAdapter.java:87)
	at org.springframework.web.servlet.DispatcherServlet.doDispatch(DispatcherServlet.java:1089)
	at org.springframework.web.servlet.DispatcherServlet.doService(DispatcherServlet.java:979)
	at org.springframework.web.servlet.FrameworkServlet.processRequest(FrameworkServlet.java:1014)
	at org.springframework.web.servlet.FrameworkServlet.doPost(FrameworkServlet.java:914)
	at jakarta.servlet.http.HttpServlet.service(HttpServlet.java:590)
	at org.springframework.web.servlet.FrameworkServlet.service(FrameworkServlet.java:885)
	at jakarta.servlet.http.HttpServlet.service(HttpServlet.java:658)
	at org.apache.catalina.core.ApplicationFilterChain.internalDoFilter(ApplicationFilterChain.java:195)
	at org.apache.catalina.core.ApplicationFilterChain.doFilter(ApplicationFilterChain.java:140)
	at org.apache.tomcat.websocket.server.WsFilter.doFilter(WsFilter.java:51)
	at org.apache.catalina.core.ApplicationFilterChain.internalDoFilter(ApplicationFilterChain.java:164)
	at org.apache.catalina.core.ApplicationFilterChain.doFilter(ApplicationFilterChain.java:140)
	at org.springframework.web.filter.CompositeFilter$VirtualFilterChain.doFilter(CompositeFilter.java:108)
	at org.springframework.security.web.FilterChainProxy.lambda$doFilterInternal$3(FilterChainProxy.java:231)
	at org.springframework.security.web.FilterChainProxy$VirtualFilterChain.doFilter(FilterChainProxy.java:365)
	at org.springframework.security.web.access.intercept.AuthorizationFilter.doFilter(AuthorizationFilter.java:100)
	at org.springframework.security.web.FilterChainProxy$VirtualFilterChain.doFilter(FilterChainProxy.java:374)
	at org.springframework.security.web.access.ExceptionTranslationFilter.doFilter(ExceptionTranslationFilter.java:126)
	at org.springframework.security.web.access.ExceptionTranslationFilter.doFilter(ExceptionTranslationFilter.java:120)
	at org.springframework.security.web.FilterChainProxy$VirtualFilterChain.doFilter(FilterChainProxy.java:374)
	at org.springframework.security.web.authentication.AnonymousAuthenticationFilter.doFilter(AnonymousAuthenticationFilter.java:100)
	at org.springframework.security.web.FilterChainProxy$VirtualFilterChain.doFilter(FilterChainProxy.java:374)
	at org.springframework.security.web.servletapi.SecurityContextHolderAwareRequestFilter.doFilter(SecurityContextHolderAwareRequestFilter.java:179)
	at org.springframework.security.web.FilterChainProxy$VirtualFilterChain.doFilter(FilterChainProxy.java:374)
	at org.springframework.security.web.savedrequest.RequestCacheAwareFilter.doFilter(RequestCacheAwareFilter.java:63)
	at org.springframework.security.web.FilterChainProxy$VirtualFilterChain.doFilter(FilterChainProxy.java:374)
	at org.springframework.security.oauth2.server.resource.web.authentication.BearerTokenAuthenticationFilter.doFilterInternal(BearerTokenAuthenticationFilter.java:145)
	at org.springframework.web.filter.OncePerRequestFilter.doFilter(OncePerRequestFilter.java:116)
	at org.springframework.security.web.FilterChainProxy$VirtualFilterChain.doFilter(FilterChainProxy.java:374)
	at org.springframework.security.web.authentication.logout.LogoutFilter.doFilter(LogoutFilter.java:107)
	at org.springframework.security.web.authentication.logout.LogoutFilter.doFilter(LogoutFilter.java:93)
	at org.springframework.security.web.FilterChainProxy$VirtualFilterChain.doFilter(FilterChainProxy.java:374)
	at org.springframework.security.web.header.HeaderWriterFilter.doHeadersAfter(HeaderWriterFilter.java:90)
	at org.springframework.security.web.header.HeaderWriterFilter.doFilterInternal(HeaderWriterFilter.java:75)
	at org.springframework.web.filter.OncePerRequestFilter.doFilter(OncePerRequestFilter.java:116)
	at org.springframework.security.web.FilterChainProxy$VirtualFilterChain.doFilter(FilterChainProxy.java:374)
	at org.springframework.security.web.context.SecurityContextHolderFilter.doFilter(SecurityContextHolderFilter.java:82)
	at org.springframework.security.web.context.SecurityContextHolderFilter.doFilter(SecurityContextHolderFilter.java:69)
	at org.springframework.security.web.FilterChainProxy$VirtualFilterChain.doFilter(FilterChainProxy.java:374)
	at org.springframework.security.web.context.request.async.WebAsyncManagerIntegrationFilter.doFilterInternal(WebAsyncManagerIntegrationFilter.java:62)
	at org.springframework.web.filter.OncePerRequestFilter.doFilter(OncePerRequestFilter.java:116)
	at org.springframework.security.web.FilterChainProxy$VirtualFilterChain.doFilter(FilterChainProxy.java:374)
	at org.springframework.security.web.session.DisableEncodeUrlFilter.doFilterInternal(DisableEncodeUrlFilter.java:42)
	at org.springframework.web.filter.OncePerRequestFilter.doFilter(OncePerRequestFilter.java:116)
	at org.springframework.security.web.FilterChainProxy$VirtualFilterChain.doFilter(FilterChainProxy.java:374)
	at org.springframework.security.web.FilterChainProxy.doFilterInternal(FilterChainProxy.java:233)
	at org.springframework.security.web.FilterChainProxy.doFilter(FilterChainProxy.java:191)
	at org.springframework.web.filter.CompositeFilter$VirtualFilterChain.doFilter(CompositeFilter.java:113)
	at org.springframework.web.servlet.handler.HandlerMappingIntrospector.lambda$createCacheFilter$3(HandlerMappingIntrospector.java:195)
	at org.springframework.web.filter.CompositeFilter$VirtualFilterChain.doFilter(CompositeFilter.java:113)
	at org.springframework.web.filter.CompositeFilter.doFilter(CompositeFilter.java:74)
	at org.springframework.security.config.annotation.web.configuration.WebMvcSecurityConfiguration$CompositeFilterChainProxy.doFilter(WebMvcSecurityConfiguration.java:230)
	at org.springframework.web.filter.DelegatingFilterProxy.invokeDelegate(DelegatingFilterProxy.java:362)
	at org.springframework.web.filter.DelegatingFilterProxy.doFilter(DelegatingFilterProxy.java:278)
	at org.apache.catalina.core.ApplicationFilterChain.internalDoFilter(ApplicationFilterChain.java:164)
	at org.apache.catalina.core.ApplicationFilterChain.doFilter(ApplicationFilterChain.java:140)
	at org.springframework.web.filter.RequestContextFilter.doFilterInternal(RequestContextFilter.java:100)
	at org.springframework.web.filter.OncePerRequestFilter.doFilter(OncePerRequestFilter.java:116)
	at org.apache.catalina.core.ApplicationFilterChain.internalDoFilter(ApplicationFilterChain.java:164)
	at org.apache.catalina.core.ApplicationFilterChain.doFilter(ApplicationFilterChain.java:140)
	at org.springframework.web.filter.FormContentFilter.doFilterInternal(FormContentFilter.java:93)
	at org.springframework.web.filter.OncePerRequestFilter.doFilter(OncePerRequestFilter.java:116)
	at org.apache.catalina.core.ApplicationFilterChain.internalDoFilter(ApplicationFilterChain.java:164)
	at org.apache.catalina.core.ApplicationFilterChain.doFilter(ApplicationFilterChain.java:140)
	at org.springframework.web.filter.CharacterEncodingFilter.doFilterInternal(CharacterEncodingFilter.java:201)
	at org.springframework.web.filter.OncePerRequestFilter.doFilter(OncePerRequestFilter.java:116)
	at org.apache.catalina.core.ApplicationFilterChain.internalDoFilter(ApplicationFilterChain.java:164)
	at org.apache.catalina.core.ApplicationFilterChain.doFilter(ApplicationFilterChain.java:140)
	at org.apache.catalina.core.StandardWrapperValve.invoke(StandardWrapperValve.java:167)
	at org.apache.catalina.core.StandardContextValve.invoke(StandardContextValve.java:90)
	at org.apache.catalina.authenticator.AuthenticatorBase.invoke(AuthenticatorBase.java:483)
	at org.apache.catalina.core.StandardHostValve.invoke(StandardHostValve.java:115)
	at org.apache.catalina.valves.ErrorReportValve.invoke(ErrorReportValve.java:93)
	at org.apache.catalina.core.StandardEngineValve.invoke(StandardEngineValve.java:74)
	at org.apache.catalina.connector.CoyoteAdapter.service(CoyoteAdapter.java:344)
	at org.apache.coyote.http11.Http11Processor.service(Http11Processor.java:384)
	at org.apache.coyote.AbstractProcessorLight.process(AbstractProcessorLight.java:63)
	at org.apache.coyote.AbstractProtocol$ConnectionHandler.process(AbstractProtocol.java:905)
	at org.apache.tomcat.util.net.NioEndpoint$SocketProcessor.doRun(NioEndpoint.java:1741)
	at org.apache.tomcat.util.net.SocketProcessorBase.run(SocketProcessorBase.java:52)
	at org.apache.tomcat.util.threads.ThreadPoolExecutor.runWorker(ThreadPoolExecutor.java:1190)
	at org.apache.tomcat.util.threads.ThreadPoolExecutor$Worker.run(ThreadPoolExecutor.java:659)
	at org.apache.tomcat.util.threads.TaskThread$WrappingRunnable.run(TaskThread.java:63)
	at java.base/java.lang.Thread.run(Thread.java:1583)
2025-11-21 00:44:37 [http-nio-8081-exec-9] INFO  a.b.l.controller.TramoController - [LOGISTICA] [TRAMO_FIN] Reporte de fin recibido. TramoID: 2
2025-11-21 00:44:37 [http-nio-8081-exec-9] INFO  a.b.logistica.service.TramoService - [SERVICIO] [FINALIZAR_TRAMO] Procesando fin para TramoID: 2
2025-11-21 00:44:37 [http-nio-8081-exec-9] INFO  a.b.logistica.service.TramoService - [SERVICIO] [FINALIZAR_TRAMO] Es el último tramo. Solicitud ENTREGADA.
2025-11-21 00:44:37 [http-nio-8081-exec-9] INFO  a.b.logistica.service.TramoService - [SERVICIO] [CALCULAR_COSTO] Iniciando cálculo final para SolicitudID: 1
2025-11-21 00:44:37 [http-nio-8081-exec-9] INFO  a.b.logistica.service.TramoService - [SERVICIO] [CALCULAR_COSTO] Desglose -> BaseContenedor: 1321.21, Combustible: 1321.21, BaseCamion: 3170.90, Depositos: 0.00, Gestion: 200.00. TOTAL: 6013.32
2025-11-21 00:44:37 [http-nio-8081-exec-9] INFO  a.b.logistica.service.TramoService - [SERVICIO] [COSTO_FINAL] Costo total calculado: $6013.3240000000005
2025-11-21 00:44:37 [http-nio-8081-exec-9] INFO  a.b.logistica.service.TramoService - [SERVICIO] [CLIENT_FLOTA] Liberando recursos: Camión ABC-124 y TransportistaID 2.
2025-11-21 00:44:37 [http-nio-8081-exec-9] INFO  a.b.l.controller.TramoController - [LOGISTICA] [TRAMO_FIN] Tramo finalizado exitosamente. Fecha Real: 2025-11-21T00:44:37.807624843
2025-11-21 00:45:24 [SpringApplicationShutdownHook] INFO  o.s.c.n.e.s.EurekaServiceRegistry - Unregistering application LOGISTICA with eureka with status DOWN
2025-11-21 00:45:24 [SpringApplicationShutdownHook] INFO  c.netflix.discovery.DiscoveryClient - Saw local status change event StatusChangeEvent [timestamp=1763685924875, current=DOWN, previous=UP]
2025-11-21 00:45:24 [DiscoveryClient-InstanceInfoReplicator-%d] INFO  c.netflix.discovery.DiscoveryClient - DiscoveryClient_LOGISTICA/logistica:8081: registering service...
2025-11-21 00:45:24 [DiscoveryClient-InstanceInfoReplicator-%d] INFO  c.netflix.discovery.DiscoveryClient - DiscoveryClient_LOGISTICA/logistica:8081 - registration status: 204
2025-11-21 00:46:35 [main] INFO  a.b.logistica.LogisticaApplication - Starting LogisticaApplication v0.0.1-SNAPSHOT using Java 21.0.9 with PID 1 (/app.jar started by root in /)
2025-11-21 00:46:35 [main] INFO  a.b.logistica.LogisticaApplication - No active profile set, falling back to 1 default profile: "default"
2025-11-21 00:46:41 [main] INFO  o.s.d.r.c.RepositoryConfigurationDelegate - Bootstrapping Spring Data JPA repositories in DEFAULT mode.
2025-11-21 00:46:42 [main] INFO  o.s.d.r.c.RepositoryConfigurationDelegate - Finished Spring Data repository scanning in 673 ms. Found 8 JPA repository interfaces.
2025-11-21 00:46:43 [main] INFO  o.s.cloud.context.scope.GenericScope - BeanFactory id=2607686d-9688-3043-8508-967b7d09f508
2025-11-21 00:46:44 [main] WARN  o.s.c.s.PostProcessorRegistrationDelegate$BeanPostProcessorChecker - Bean 'org.springframework.cloud.client.loadbalancer.LoadBalancerAutoConfiguration$DeferringLoadBalancerInterceptorConfig' of type [org.springframework.cloud.client.loadbalancer.LoadBalancerAutoConfiguration$DeferringLoadBalancerInterceptorConfig] is not eligible for getting processed by all BeanPostProcessors (for example: not eligible for auto-proxying). The currently created BeanPostProcessor [lbRestClientPostProcessor] is declared through a non-static factory method on that class; consider declaring it as static instead.
2025-11-21 00:46:44 [main] WARN  o.s.c.s.PostProcessorRegistrationDelegate$BeanPostProcessorChecker - Bean 'deferringLoadBalancerInterceptor' of type [org.springframework.cloud.client.loadbalancer.DeferringLoadBalancerInterceptor] is not eligible for getting processed by all BeanPostProcessors (for example: not eligible for auto-proxying). Is this bean getting eagerly injected/applied to a currently created BeanPostProcessor [lbRestClientPostProcessor]? Check the corresponding BeanPostProcessor declaration and its dependencies/advisors. If this bean does not have to be post-processed, declare it with ROLE_INFRASTRUCTURE.
2025-11-21 00:46:44 [main] WARN  o.s.c.s.PostProcessorRegistrationDelegate$BeanPostProcessorChecker - Bean 'org.springframework.cloud.client.loadbalancer.reactive.LoadBalancerBeanPostProcessorAutoConfiguration' of type [org.springframework.cloud.client.loadbalancer.reactive.LoadBalancerBeanPostProcessorAutoConfiguration] is not eligible for getting processed by all BeanPostProcessors (for example: not eligible for auto-proxying). The currently created BeanPostProcessor [loadBalancerWebClientBuilderBeanPostProcessor] is declared through a non-static factory method on that class; consider declaring it as static instead.
2025-11-21 00:46:44 [main] WARN  o.s.c.s.PostProcessorRegistrationDelegate$BeanPostProcessorChecker - Bean 'org.springframework.cloud.client.loadbalancer.reactive.LoadBalancerBeanPostProcessorAutoConfiguration$ReactorDeferringLoadBalancerFilterConfig' of type [org.springframework.cloud.client.loadbalancer.reactive.LoadBalancerBeanPostProcessorAutoConfiguration$ReactorDeferringLoadBalancerFilterConfig] is not eligible for getting processed by all BeanPostProcessors (for example: not eligible for auto-proxying). Is this bean getting eagerly injected/applied to a currently created BeanPostProcessor [loadBalancerWebClientBuilderBeanPostProcessor]? Check the corresponding BeanPostProcessor declaration and its dependencies/advisors. If this bean does not have to be post-processed, declare it with ROLE_INFRASTRUCTURE.
2025-11-21 00:46:44 [main] WARN  o.s.c.s.PostProcessorRegistrationDelegate$BeanPostProcessorChecker - Bean 'reactorDeferringLoadBalancerExchangeFilterFunction' of type [org.springframework.cloud.client.loadbalancer.reactive.DeferringLoadBalancerExchangeFilterFunction] is not eligible for getting processed by all BeanPostProcessors (for example: not eligible for auto-proxying). Is this bean getting eagerly injected/applied to a currently created BeanPostProcessor [loadBalancerWebClientBuilderBeanPostProcessor]? Check the corresponding BeanPostProcessor declaration and its dependencies/advisors. If this bean does not have to be post-processed, declare it with ROLE_INFRASTRUCTURE.
2025-11-21 00:46:45 [main] INFO  o.s.b.w.e.tomcat.TomcatWebServer - Tomcat initialized with port 8081 (http)
2025-11-21 00:46:45 [main] INFO  o.a.catalina.core.StandardService - Starting service [Tomcat]
2025-11-21 00:46:45 [main] INFO  o.a.catalina.core.StandardEngine - Starting Servlet engine: [Apache Tomcat/10.1.31]
2025-11-21 00:46:45 [main] INFO  o.a.c.c.C.[Tomcat].[localhost].[/] - Initializing Spring embedded WebApplicationContext
2025-11-21 00:46:45 [main] INFO  o.s.b.w.s.c.ServletWebServerApplicationContext - Root WebApplicationContext: initialization completed in 10047 ms
2025-11-21 00:46:46 [main] INFO  o.h.jpa.internal.util.LogHelper - HHH000204: Processing PersistenceUnitInfo [name: default]
2025-11-21 00:46:46 [main] INFO  org.hibernate.Version - HHH000412: Hibernate ORM core version 6.5.3.Final
2025-11-21 00:46:46 [main] INFO  o.h.c.i.RegionFactoryInitiator - HHH000026: Second-level cache disabled
2025-11-21 00:46:47 [main] INFO  o.s.o.j.p.SpringPersistenceUnitInfo - No LoadTimeWeaver setup: ignoring JPA class transformer
2025-11-21 00:46:48 [main] INFO  com.zaxxer.hikari.HikariDataSource - HikariPool-1 - Starting...
2025-11-21 00:46:48 [main] INFO  com.zaxxer.hikari.pool.HikariPool - HikariPool-1 - Added connection org.postgresql.jdbc.PgConnection@31531d0d
2025-11-21 00:46:48 [main] INFO  com.zaxxer.hikari.HikariDataSource - HikariPool-1 - Start completed.
2025-11-21 00:46:48 [main] WARN  org.hibernate.orm.deprecation - HHH90000025: PostgreSQLDialect does not need to be specified explicitly using 'hibernate.dialect' (remove the property setting and it will be selected by default)
2025-11-21 00:46:51 [main] INFO  o.h.e.t.j.p.i.JtaPlatformInitiator - HHH000489: No JTA platform available (set 'hibernate.transaction.jta.platform' to enable JTA platform integration)
2025-11-21 00:46:51 [main] WARN  o.h.e.jdbc.spi.SqlExceptionHelper - SQL Warning Code: 0, SQLState: 00000
2025-11-21 00:46:51 [main] WARN  o.h.e.jdbc.spi.SqlExceptionHelper - constraint "uk1c96wv36rk2hwui7qhjks3mvg" of relation "clientes" does not exist, skipping
2025-11-21 00:46:51 [main] WARN  o.h.e.jdbc.spi.SqlExceptionHelper - SQL Warning Code: 0, SQLState: 00000
2025-11-21 00:46:51 [main] WARN  o.h.e.jdbc.spi.SqlExceptionHelper - constraint "ukoeryptqjmhhu3wcfuowpv5t5o" of relation "solicitudes" does not exist, skipping
2025-11-21 00:46:51 [main] WARN  o.h.e.jdbc.spi.SqlExceptionHelper - SQL Warning Code: 0, SQLState: 00000
2025-11-21 00:46:51 [main] WARN  o.h.e.jdbc.spi.SqlExceptionHelper - constraint "ukiv5wy95kxmg6omuu41luqgnwn" of relation "solicitudes" does not exist, skipping
2025-11-21 00:46:52 [main] INFO  o.s.o.j.LocalContainerEntityManagerFactoryBean - Initialized JPA EntityManagerFactory for persistence unit 'default'
2025-11-21 00:46:55 [main] WARN  o.s.b.a.o.j.JpaBaseConfiguration$JpaWebConfiguration - spring.jpa.open-in-view is enabled by default. Therefore, database queries may be performed during view rendering. Explicitly configure spring.jpa.open-in-view to disable this warning
2025-11-21 00:46:57 [main] INFO  o.s.c.n.e.c.DiscoveryClientOptionalArgsConfiguration - Eureka HTTP Client uses RestTemplate.
2025-11-21 00:46:57 [main] WARN  o.s.c.l.c.LoadBalancerCacheAutoConfiguration$LoadBalancerCaffeineWarnLogger - Spring Cloud LoadBalancer is currently working with the default cache. While this cache implementation is useful for development and tests, it's recommended to use Caffeine cache in production.You can switch to using Caffeine cache, by adding it and org.springframework.cache.caffeine.CaffeineCacheManager to the classpath.
2025-11-21 00:46:57 [main] INFO  o.s.c.n.eureka.InstanceInfoFactory - Setting initial instance status as: STARTING
2025-11-21 00:46:57 [main] INFO  c.netflix.discovery.DiscoveryClient - Initializing Eureka in region us-east-1
2025-11-21 00:46:58 [main] INFO  c.n.d.s.r.aws.ConfigClusterResolver - Resolving eureka endpoints via configuration
2025-11-21 00:46:58 [main] INFO  c.netflix.discovery.DiscoveryClient - Disable delta property : false
2025-11-21 00:46:58 [main] INFO  c.netflix.discovery.DiscoveryClient - Single vip registry refresh property : null
2025-11-21 00:46:58 [main] INFO  c.netflix.discovery.DiscoveryClient - Force full registry fetch : false
2025-11-21 00:46:58 [main] INFO  c.netflix.discovery.DiscoveryClient - Application is null : false
2025-11-21 00:46:58 [main] INFO  c.netflix.discovery.DiscoveryClient - Registered Applications size is zero : true
2025-11-21 00:46:58 [main] INFO  c.netflix.discovery.DiscoveryClient - Application version is -1: true
2025-11-21 00:46:58 [main] INFO  c.netflix.discovery.DiscoveryClient - Getting all instance registry info from the eureka server
2025-11-21 00:46:58 [main] INFO  c.netflix.discovery.DiscoveryClient - The response status is 200
2025-11-21 00:46:58 [main] INFO  c.netflix.discovery.DiscoveryClient - Starting heartbeat executor: renew interval is: 30
2025-11-21 00:46:58 [main] INFO  c.n.discovery.InstanceInfoReplicator - InstanceInfoReplicator onDemand update allowed rate per min is 4
2025-11-21 00:46:58 [main] INFO  c.netflix.discovery.DiscoveryClient - Discovery Client initialized at timestamp 1763686018871 with initial instances count: 0
2025-11-21 00:46:58 [main] INFO  o.s.c.n.e.s.EurekaServiceRegistry - Registering application LOGISTICA with eureka with status UP
2025-11-21 00:46:58 [main] INFO  c.netflix.discovery.DiscoveryClient - Saw local status change event StatusChangeEvent [timestamp=1763686018886, current=UP, previous=STARTING]
2025-11-21 00:46:58 [DiscoveryClient-InstanceInfoReplicator-%d] INFO  c.netflix.discovery.DiscoveryClient - DiscoveryClient_LOGISTICA/logistica:8081: registering service...
2025-11-21 00:46:58 [main] INFO  o.s.b.w.e.tomcat.TomcatWebServer - Tomcat started on port 8081 (http) with context path '/'
2025-11-21 00:46:58 [main] INFO  o.s.c.n.e.s.EurekaAutoServiceRegistration - Updating port to 8081
2025-11-21 00:46:58 [main] INFO  a.b.logistica.LogisticaApplication - Started LogisticaApplication in 26.094 seconds (process running for 28.956)
2025-11-21 00:46:58 [DiscoveryClient-InstanceInfoReplicator-%d] INFO  c.netflix.discovery.DiscoveryClient - DiscoveryClient_LOGISTICA/logistica:8081 - registration status: 204
2025-11-21 00:47:28 [DiscoveryClient-CacheRefreshExecutor-%d] INFO  c.netflix.discovery.DiscoveryClient - Disable delta property : false
2025-11-21 00:47:28 [DiscoveryClient-CacheRefreshExecutor-%d] INFO  c.netflix.discovery.DiscoveryClient - Single vip registry refresh property : null
2025-11-21 00:47:28 [DiscoveryClient-CacheRefreshExecutor-%d] INFO  c.netflix.discovery.DiscoveryClient - Force full registry fetch : false
2025-11-21 00:47:28 [DiscoveryClient-CacheRefreshExecutor-%d] INFO  c.netflix.discovery.DiscoveryClient - Application is null : false
2025-11-21 00:47:28 [DiscoveryClient-CacheRefreshExecutor-%d] INFO  c.netflix.discovery.DiscoveryClient - Registered Applications size is zero : true
2025-11-21 00:47:28 [DiscoveryClient-CacheRefreshExecutor-%d] INFO  c.netflix.discovery.DiscoveryClient - Application version is -1: false
2025-11-21 00:47:28 [DiscoveryClient-CacheRefreshExecutor-%d] INFO  c.netflix.discovery.DiscoveryClient - Getting all instance registry info from the eureka server
2025-11-21 00:47:28 [DiscoveryClient-CacheRefreshExecutor-%d] INFO  c.netflix.discovery.DiscoveryClient - The response status is 200
2025-11-21 00:47:38 [http-nio-8081-exec-1] INFO  o.a.c.c.C.[Tomcat].[localhost].[/] - Initializing Spring DispatcherServlet 'dispatcherServlet'
2025-11-21 00:47:38 [http-nio-8081-exec-1] INFO  o.s.web.servlet.DispatcherServlet - Initializing Servlet 'dispatcherServlet'
2025-11-21 00:47:38 [http-nio-8081-exec-1] INFO  o.s.web.servlet.DispatcherServlet - Completed initialization in 5 ms
2025-11-21 00:47:38 [http-nio-8081-exec-1] INFO  a.b.l.c.ContenedorController - [LOGISTICA] [CREAR_CONTENEDOR] Solicitud recibida. Procesando alta de nuevo contenedor.
2025-11-21 00:47:38 [http-nio-8081-exec-1] INFO  a.b.l.service.ContenedorService - [SERVICIO] [CREAR_CONTENEDOR] Procesando alta. Peso: 10.0, Volumen: 10.0
2025-11-21 00:47:38 [http-nio-8081-exec-1] INFO  a.b.l.service.ContenedorService - [SERVICIO] [CREAR_CONTENEDOR] Guardado exitoso. ID Generado: 1
2025-11-21 00:47:38 [http-nio-8081-exec-1] INFO  a.b.l.c.ContenedorController - [LOGISTICA] [CREAR_CONTENEDOR] Contenedor registrado con ID: 1
2025-11-21 00:47:39 [http-nio-8081-exec-2] INFO  a.b.l.controller.SolicitudController - [LOGISTICA] [SOLICITUD] Recibida petición de creación. Cliente: 7franciscogonzalez@gmail.com
2025-11-21 00:47:39 [http-nio-8081-exec-2] INFO  a.b.l.service.SolicitudService - [SERVICIO] [CREAR_SOLICITUD] Procesando nueva solicitud. Cliente Email: 7franciscogonzalez@gmail.com
2025-11-21 00:47:39 [http-nio-8081-exec-2] INFO  a.b.l.service.SolicitudService - [SERVICIO] [CREAR_SOLICITUD] Cliente nuevo detectado. Registrando: Francisco Gonzalez
2025-11-21 00:47:39 [http-nio-8081-exec-2] INFO  a.b.l.service.SolicitudService - [SERVICIO] [CREAR_SOLICITUD] Solicitud guardada exitosamente. ID: 1
2025-11-21 00:47:39 [http-nio-8081-exec-2] INFO  a.b.l.controller.SolicitudController - [LOGISTICA] [SOLICITUD] Solicitud creada con ID: 1
2025-11-21 00:47:41 [http-nio-8081-exec-3] INFO  a.b.l.c.ContenedorController - [LOGISTICA] [TRACKING] Consultando estado para ContenedorID: 1
2025-11-21 00:47:41 [http-nio-8081-exec-3] INFO  a.b.l.c.ContenedorController - [LOGISTICA] [TRACKING] Estado actual: EN_ORIGEN
2025-11-21 00:47:41 [http-nio-8081-exec-4] INFO  a.b.l.controller.SolicitudController - [LOGISTICA] [RUTA_TENTATIVA] Generando ruta para SolicitudID: 1
2025-11-21 00:47:41 [http-nio-8081-exec-4] INFO  a.b.l.service.SolicitudService - [SERVICIO] [RUTA_TENTATIVA] Calculando ruta para SolicitudID: 1
2025-11-21 00:47:42 [http-nio-8081-exec-4] INFO  a.b.l.service.SolicitudService - [SERVICIO] [RUTA_TENTATIVA] Tramos procesados. Distancia Total: 26.42 km. Tiempo Total: 40.05 min.
2025-11-21 00:47:42 [http-nio-8081-exec-4] INFO  a.b.l.service.SolicitudService - [SERVICIO] [CAMION_CLIENT] Buscando camiones aptos. Volumen: 10.0, Peso: 10.0
2025-11-21 00:47:42 [http-nio-8081-exec-4] INFO  a.b.l.service.SolicitudService - [SERVICIO] [COSTOS] Calculo finalizado. BaseContenedor: 1321.21, Combustible: 1321.21, BaseCamiones: 3170.90, Gestion: 200.00. TOTAL: 6013.32
2025-11-21 00:47:42 [http-nio-8081-exec-4] INFO  a.b.l.controller.SolicitudController - [LOGISTICA] [RUTA_TENTATIVA] Ruta generada. Costo Estimado: 6013.3240000000005
2025-11-21 00:47:42 [http-nio-8081-exec-5] INFO  a.b.l.controller.DepositoController - [LOGISTICA] [CREAR_DEPOSITO] Recibida solicitud de alta.
2025-11-21 00:47:42 [http-nio-8081-exec-5] INFO  a.b.l.service.DepositoService - [SERVICIO] [CREAR_DEPOSITO] Procesando alta. Nombre: Deposito UTN, Costo Diario: 20.0
2025-11-21 00:47:42 [http-nio-8081-exec-5] INFO  a.b.l.service.DepositoService - [SERVICIO] [CREAR_DEPOSITO] Guardado exitoso. ID Generado: 1
2025-11-21 00:47:42 [http-nio-8081-exec-5] INFO  a.b.l.controller.DepositoController - [LOGISTICA] [CREAR_DEPOSITO] Depósito creado exitosamente con ID: 1
2025-11-21 00:47:42 [http-nio-8081-exec-6] INFO  a.b.l.controller.SolicitudController - [LOGISTICA] [LISTAR_RUTAS] Solicitando rutas para SolicitudID: 1
2025-11-21 00:47:42 [http-nio-8081-exec-6] INFO  a.b.l.service.SolicitudService - [SERVICIO] [LISTAR_RUTAS] Consultando rutas para SolicitudID: 1
2025-11-21 00:47:43 [http-nio-8081-exec-6] INFO  a.b.l.controller.SolicitudController - [LOGISTICA] [LISTAR_RUTAS] Respuesta enviada.
2025-11-21 00:47:43 [http-nio-8081-exec-7] INFO  a.b.l.controller.SolicitudController - [LOGISTICA] [ASIGNAR_RUTA] Recibida petición de asignación. SolicitudID: 1
2025-11-21 00:47:43 [http-nio-8081-exec-7] INFO  a.b.l.service.SolicitudService - [SERVICIO] [ASIGNAR_RUTA] Procesando asignación. SolicitudID: 1, RutaID: 1
2025-11-21 00:47:43 [http-nio-8081-exec-7] INFO  a.b.l.service.SolicitudService - [SERVICIO] [ASIGNAR_RUTA] Ruta asignada con éxito. Estado actualizado a PROGRAMADA.
2025-11-21 00:47:43 [http-nio-8081-exec-7] INFO  a.b.l.controller.SolicitudController - [LOGISTICA] [ASIGNAR_RUTA] Ruta asignada. Estado actual: PROGRAMADA
2025-11-21 00:47:43 [http-nio-8081-exec-8] INFO  a.b.l.c.ContenedorController - [LOGISTICA] [PENDIENTES] Consultando contenedores. Filtro estado: TODOS
2025-11-21 00:47:43 [http-nio-8081-exec-8] INFO  a.b.l.service.ContenedorService - [SERVICIO] [PENDIENTES] Consultando listado. Filtro aplicado: NINGUNO (Todos los no entregados)
2025-11-21 00:47:43 [http-nio-8081-exec-8] INFO  a.b.l.service.ContenedorService - [SERVICIO] [PENDIENTES] Resultados encontrados: 1
2025-11-21 00:47:43 [http-nio-8081-exec-8] INFO  a.b.l.c.ContenedorController - [LOGISTICA] [PENDIENTES] Se encontraron 1 contenedores.
2025-11-21 00:47:43 [http-nio-8081-exec-9] INFO  a.b.l.controller.TramoController - [LOGISTICA] [ASIGNAR_CAMION] Vinculando Patente: ABC-123 al TramoID: 1
2025-11-21 00:47:43 [http-nio-8081-exec-9] INFO  a.b.logistica.service.TramoService - [SERVICIO] [ASIGNAR_CAMION] TramoID: 1, Patente: ABC-123
2025-11-21 00:47:43 [http-nio-8081-exec-9] INFO  a.b.logistica.service.TramoService - [SERVICIO] [CLIENT_FLOTA] Cambiando estado de Camión ABC-123 a NO_DISPONIBLE
2025-11-21 00:47:43 [http-nio-8081-exec-9] INFO  a.b.logistica.service.TramoService - [SERVICIO] [ASIGNAR_CAMION] Asignación exitosa.
2025-11-21 00:47:43 [http-nio-8081-exec-9] INFO  a.b.l.controller.TramoController - [LOGISTICA] [ASIGNAR_CAMION] Camión asignado correctamente.
2025-11-21 00:47:43 [http-nio-8081-exec-10] INFO  a.b.l.controller.TramoController - [LOGISTICA] [ASIGNAR_CAMION] Vinculando Patente: ABC-124 al TramoID: 2
2025-11-21 00:47:43 [http-nio-8081-exec-10] INFO  a.b.logistica.service.TramoService - [SERVICIO] [ASIGNAR_CAMION] TramoID: 2, Patente: ABC-124
2025-11-21 00:47:43 [http-nio-8081-exec-10] INFO  a.b.logistica.service.TramoService - [SERVICIO] [CLIENT_FLOTA] Cambiando estado de Camión ABC-124 a NO_DISPONIBLE
2025-11-21 00:47:43 [http-nio-8081-exec-10] INFO  a.b.logistica.service.TramoService - [SERVICIO] [ASIGNAR_CAMION] Asignación exitosa.
2025-11-21 00:47:43 [http-nio-8081-exec-10] INFO  a.b.l.controller.TramoController - [LOGISTICA] [ASIGNAR_CAMION] Camión asignado correctamente.
2025-11-21 00:47:44 [http-nio-8081-exec-1] INFO  a.b.l.controller.TramoController - [LOGISTICA] [ASIGNAR_CHOFER] Vinculando ChoferID: 1 al TramoID: 1
2025-11-21 00:47:44 [http-nio-8081-exec-1] INFO  a.b.logistica.service.TramoService - [SERVICIO] [ASIGNAR_CHOFER] TramoID: 1, ChoferID: 1
2025-11-21 00:47:44 [http-nio-8081-exec-1] INFO  a.b.logistica.service.TramoService - [SERVICIO] [CLIENT_FLOTA] Solicitando asignación en microservicio Flota.
2025-11-21 00:47:44 [http-nio-8081-exec-1] INFO  a.b.logistica.service.TramoService - [SERVICIO] [ASIGNAR_CHOFER] Asignación exitosa.
2025-11-21 00:47:44 [http-nio-8081-exec-1] INFO  a.b.l.controller.TramoController - [LOGISTICA] [ASIGNAR_CHOFER] Chofer asignado correctamente.
2025-11-21 00:47:44 [http-nio-8081-exec-2] INFO  a.b.l.controller.TramoController - [LOGISTICA] [ASIGNAR_CHOFER] Vinculando ChoferID: 2 al TramoID: 2
2025-11-21 00:47:44 [http-nio-8081-exec-2] INFO  a.b.logistica.service.TramoService - [SERVICIO] [ASIGNAR_CHOFER] TramoID: 2, ChoferID: 2
2025-11-21 00:47:44 [http-nio-8081-exec-2] INFO  a.b.logistica.service.TramoService - [SERVICIO] [CLIENT_FLOTA] Solicitando asignación en microservicio Flota.
2025-11-21 00:47:44 [http-nio-8081-exec-2] INFO  a.b.logistica.service.TramoService - [SERVICIO] [ASIGNAR_CHOFER] Asignación exitosa.
2025-11-21 00:47:44 [http-nio-8081-exec-2] INFO  a.b.l.controller.TramoController - [LOGISTICA] [ASIGNAR_CHOFER] Chofer asignado correctamente.
2025-11-21 00:47:45 [http-nio-8081-exec-3] INFO  a.b.l.controller.TramoController - [LOGISTICA] [CONSULTA_ASIGNADOS] Consultando estado de 1 tramos.
2025-11-21 00:47:46 [http-nio-8081-exec-4] INFO  a.b.l.controller.TramoController - [LOGISTICA] [TRAMO_INICIO] Reporte de inicio recibido. TramoID: 1
2025-11-21 00:47:46 [http-nio-8081-exec-4] INFO  a.b.logistica.service.TramoService - [SERVICIO] [INICIAR_TRAMO] Procesando inicio para TramoID: 1
2025-11-21 00:47:46 [http-nio-8081-exec-4] INFO  a.b.logistica.service.TramoService - [SERVICIO] [INICIAR_TRAMO] Actualizando estados. SolicitudID: 1, ContenedorID: 1 -> EN_TRANSITO
2025-11-21 00:47:46 [http-nio-8081-exec-4] INFO  a.b.logistica.service.TramoService - [SERVICIO] [INICIAR_TRAMO] Inicio registrado correctamente a las: 2025-11-21T00:47:46.022504758
2025-11-21 00:47:46 [http-nio-8081-exec-4] INFO  a.b.l.controller.TramoController - [LOGISTICA] [TRAMO_INICIO] Tramo iniciado exitosamente. Fecha Real: 2025-11-21T00:47:46.022504758
2025-11-21 00:47:46 [http-nio-8081-exec-5] INFO  a.b.l.controller.TramoController - [LOGISTICA] [TRAMO_FIN] Reporte de fin recibido. TramoID: 1
2025-11-21 00:47:46 [http-nio-8081-exec-5] INFO  a.b.logistica.service.TramoService - [SERVICIO] [FINALIZAR_TRAMO] Procesando fin para TramoID: 1
2025-11-21 00:47:46 [http-nio-8081-exec-5] INFO  a.b.logistica.service.TramoService - [SERVICIO] [FINALIZAR_TRAMO] Tramo intermedio. Ingresando contenedor a DEPÓSITO.
2025-11-21 00:47:46 [http-nio-8081-exec-5] INFO  a.b.logistica.service.TramoService - [SERVICIO] [CLIENT_FLOTA] Liberando recursos: Camión ABC-123 y TransportistaID 1.
2025-11-21 00:47:46 [http-nio-8081-exec-5] INFO  a.b.l.controller.TramoController - [LOGISTICA] [TRAMO_FIN] Tramo finalizado exitosamente. Fecha Real: 2025-11-21T00:47:46.197997485
2025-11-21 00:47:46 [http-nio-8081-exec-6] INFO  a.b.l.controller.DepositoController - [LOGISTICA] [STOCK_DEPOSITO] Consultando stock para DepositoID: 1
2025-11-21 00:47:46 [http-nio-8081-exec-6] INFO  a.b.l.service.DepositoService - [SERVICIO] [STOCK_DEPOSITO] Verificando inventario para DepositoID: 1
2025-11-21 00:47:46 [http-nio-8081-exec-6] INFO  a.b.l.service.DepositoService - [SERVICIO] [STOCK_DEPOSITO] Stock encontrado: 1 contenedores.
2025-11-21 00:47:46 [http-nio-8081-exec-6] INFO  a.b.l.controller.DepositoController - [LOGISTICA] [STOCK_DEPOSITO] Consulta finalizada. Total contenedores: 1
2025-11-21 00:47:46 [http-nio-8081-exec-7] INFO  a.b.l.controller.TramoController - [LOGISTICA] [TRAMO_INICIO] Reporte de inicio recibido. TramoID: 2
2025-11-21 00:47:46 [http-nio-8081-exec-7] INFO  a.b.logistica.service.TramoService - [SERVICIO] [INICIAR_TRAMO] Procesando inicio para TramoID: 2
2025-11-21 00:47:46 [http-nio-8081-exec-7] INFO  a.b.logistica.service.TramoService - [SERVICIO] [INICIAR_TRAMO] Actualizando estados. SolicitudID: 1, ContenedorID: 1 -> EN_TRANSITO
2025-11-21 00:47:46 [http-nio-8081-exec-7] INFO  a.b.logistica.service.TramoService - [SERVICIO] [INICIAR_TRAMO] Salida de depósito detectada. Removiendo contenedor del inventario.
2025-11-21 00:47:46 [http-nio-8081-exec-7] INFO  a.b.logistica.service.TramoService - [SERVICIO] [INICIAR_TRAMO] Inicio registrado correctamente a las: 2025-11-21T00:47:46.599519346
2025-11-21 00:47:46 [http-nio-8081-exec-7] INFO  a.b.l.controller.TramoController - [LOGISTICA] [TRAMO_INICIO] Tramo iniciado exitosamente. Fecha Real: 2025-11-21T00:47:46.599519346
2025-11-21 00:47:46 [http-nio-8081-exec-8] INFO  a.b.l.controller.TramoController - [LOGISTICA] [TRAMO_FIN] Reporte de fin recibido. TramoID: 2
2025-11-21 00:47:46 [http-nio-8081-exec-8] INFO  a.b.logistica.service.TramoService - [SERVICIO] [FINALIZAR_TRAMO] Procesando fin para TramoID: 2
2025-11-21 00:47:46 [http-nio-8081-exec-8] INFO  a.b.logistica.service.TramoService - [SERVICIO] [FINALIZAR_TRAMO] Es el último tramo. Solicitud ENTREGADA.
2025-11-21 00:47:46 [http-nio-8081-exec-8] INFO  a.b.logistica.service.TramoService - [SERVICIO] [CALCULAR_COSTO] Iniciando cálculo final para SolicitudID: 1
2025-11-21 00:47:46 [http-nio-8081-exec-8] INFO  a.b.logistica.service.TramoService - [SERVICIO] [CALCULAR_COSTO] Desglose -> BaseContenedor: 1321.21, Combustible: 1321.21, BaseCamion: 3170.90, Depositos: 0.00, Gestion: 200.00. TOTAL: 6013.32
2025-11-21 00:47:46 [http-nio-8081-exec-8] INFO  a.b.logistica.service.TramoService - [SERVICIO] [COSTO_FINAL] Costo total calculado: $6013.3240000000005
2025-11-21 00:47:46 [http-nio-8081-exec-8] INFO  a.b.logistica.service.TramoService - [SERVICIO] [CLIENT_FLOTA] Liberando recursos: Camión ABC-124 y TransportistaID 2.
2025-11-21 00:47:46 [http-nio-8081-exec-8] INFO  a.b.l.controller.TramoController - [LOGISTICA] [TRAMO_FIN] Tramo finalizado exitosamente. Fecha Real: 2025-11-21T00:47:46.771116357
2025-11-21 00:48:07 [SpringApplicationShutdownHook] INFO  o.s.c.n.e.s.EurekaServiceRegistry - Unregistering application LOGISTICA with eureka with status DOWN
2025-11-21 00:48:07 [SpringApplicationShutdownHook] INFO  c.netflix.discovery.DiscoveryClient - Saw local status change event StatusChangeEvent [timestamp=1763686087517, current=DOWN, previous=UP]
2025-11-21 00:48:07 [DiscoveryClient-InstanceInfoReplicator-%d] INFO  c.netflix.discovery.DiscoveryClient - DiscoveryClient_LOGISTICA/logistica:8081: registering service...
2025-11-21 00:48:07 [DiscoveryClient-InstanceInfoReplicator-%d] INFO  c.n.d.s.t.d.RedirectingEurekaHttpClient - Request execution error. endpoint=DefaultEndpoint{ serviceUrl='http://eureka-server:8761/eureka/} exception=I/O error on POST request for "http://eureka-server:8761/eureka/apps/LOGISTICA": eureka-server:8761 failed to respond stacktrace=org.springframework.web.client.ResourceAccessException: I/O error on POST request for "http://eureka-server:8761/eureka/apps/LOGISTICA": eureka-server:8761 failed to respond
	at org.springframework.web.client.RestTemplate.createResourceAccessException(RestTemplate.java:915)
	at org.springframework.web.client.RestTemplate.doExecute(RestTemplate.java:895)
	at org.springframework.web.client.RestTemplate.execute(RestTemplate.java:790)
	at org.springframework.web.client.RestTemplate.exchange(RestTemplate.java:672)
	at org.springframework.cloud.netflix.eureka.http.RestTemplateEurekaHttpClient.register(RestTemplateEurekaHttpClient.java:77)
	at com.netflix.discovery.shared.transport.decorator.EurekaHttpClientDecorator$1.execute(EurekaHttpClientDecorator.java:59)
	at com.netflix.discovery.shared.transport.decorator.RedirectingEurekaHttpClient.execute(RedirectingEurekaHttpClient.java:91)
	at com.netflix.discovery.shared.transport.decorator.EurekaHttpClientDecorator.register(EurekaHttpClientDecorator.java:56)
	at com.netflix.discovery.shared.transport.decorator.EurekaHttpClientDecorator$1.execute(EurekaHttpClientDecorator.java:59)
	at com.netflix.discovery.shared.transport.decorator.RetryableEurekaHttpClient.execute(RetryableEurekaHttpClient.java:120)
	at com.netflix.discovery.shared.transport.decorator.EurekaHttpClientDecorator.register(EurekaHttpClientDecorator.java:56)
	at com.netflix.discovery.shared.transport.decorator.EurekaHttpClientDecorator$1.execute(EurekaHttpClientDecorator.java:59)
	at com.netflix.discovery.shared.transport.decorator.SessionedEurekaHttpClient.execute(SessionedEurekaHttpClient.java:76)
	at com.netflix.discovery.shared.transport.decorator.EurekaHttpClientDecorator.register(EurekaHttpClientDecorator.java:56)
	at com.netflix.discovery.DiscoveryClient.register(DiscoveryClient.java:828)
	at com.netflix.discovery.InstanceInfoReplicator.run(InstanceInfoReplicator.java:125)
	at com.netflix.discovery.InstanceInfoReplicator$2.run(InstanceInfoReplicator.java:105)
	at java.base/java.util.concurrent.Executors$RunnableAdapter.call(Executors.java:572)
	at java.base/java.util.concurrent.FutureTask.run(FutureTask.java:317)
	at java.base/java.util.concurrent.ScheduledThreadPoolExecutor$ScheduledFutureTask.run(ScheduledThreadPoolExecutor.java:304)
	at java.base/java.util.concurrent.ThreadPoolExecutor.runWorker(ThreadPoolExecutor.java:1144)
	at java.base/java.util.concurrent.ThreadPoolExecutor$Worker.run(ThreadPoolExecutor.java:642)
	at java.base/java.lang.Thread.run(Thread.java:1583)
Caused by: org.apache.hc.core5.http.NoHttpResponseException: eureka-server:8761 failed to respond
	at org.apache.hc.core5.http.impl.io.DefaultBHttpClientConnection.receiveResponseHeader(DefaultBHttpClientConnection.java:306)
	at org.apache.hc.core5.http.impl.io.HttpRequestExecutor.execute(HttpRequestExecutor.java:175)
	at org.apache.hc.core5.http.impl.io.HttpRequestExecutor.execute(HttpRequestExecutor.java:218)
	at org.apache.hc.client5.http.impl.io.PoolingHttpClientConnectionManager$InternalConnectionEndpoint.execute(PoolingHttpClientConnectionManager.java:717)
	at org.apache.hc.client5.http.impl.classic.InternalExecRuntime.execute(InternalExecRuntime.java:216)
	at org.apache.hc.client5.http.impl.classic.MainClientExec.execute(MainClientExec.java:116)
	at org.apache.hc.client5.http.impl.classic.ExecChainElement.execute(ExecChainElement.java:51)
	at org.apache.hc.client5.http.impl.classic.ConnectExec.execute(ConnectExec.java:188)
	at org.apache.hc.client5.http.impl.classic.ExecChainElement.execute(ExecChainElement.java:51)
	at org.apache.hc.client5.http.impl.classic.ProtocolExec.execute(ProtocolExec.java:192)
	at org.apache.hc.client5.http.impl.classic.ExecChainElement.execute(ExecChainElement.java:51)
	at org.apache.hc.client5.http.impl.classic.HttpRequestRetryExec.execute(HttpRequestRetryExec.java:113)
	at org.apache.hc.client5.http.impl.classic.ExecChainElement.execute(ExecChainElement.java:51)
	at org.apache.hc.client5.http.impl.classic.ContentCompressionExec.execute(ContentCompressionExec.java:152)
	at org.apache.hc.client5.http.impl.classic.ExecChainElement.execute(ExecChainElement.java:51)
	at org.apache.hc.client5.http.impl.classic.RedirectExec.execute(RedirectExec.java:116)
	at org.apache.hc.client5.http.impl.classic.ExecChainElement.execute(ExecChainElement.java:51)
	at org.apache.hc.client5.http.impl.classic.InternalHttpClient.doExecute(InternalHttpClient.java:170)
	at org.apache.hc.client5.http.impl.classic.CloseableHttpClient.execute(CloseableHttpClient.java:87)
	at org.apache.hc.client5.http.impl.classic.CloseableHttpClient.execute(CloseableHttpClient.java:55)
	at org.apache.hc.client5.http.classic.HttpClient.executeOpen(HttpClient.java:183)
	at org.springframework.http.client.HttpComponentsClientHttpRequest.executeInternal(HttpComponentsClientHttpRequest.java:99)
	at org.springframework.http.client.AbstractStreamingClientHttpRequest.executeInternal(AbstractStreamingClientHttpRequest.java:70)
	at org.springframework.http.client.AbstractClientHttpRequest.execute(AbstractClientHttpRequest.java:66)
	at org.springframework.http.client.InterceptingClientHttpRequest$InterceptingRequestExecution.execute(InterceptingClientHttpRequest.java:112)
	at org.springframework.cloud.netflix.eureka.http.RestTemplateTransportClientFactory.lambda$restTemplate$3(RestTemplateTransportClientFactory.java:170)
	at org.springframework.http.client.InterceptingClientHttpRequest$InterceptingRequestExecution.execute(InterceptingClientHttpRequest.java:88)
	at org.springframework.http.client.InterceptingClientHttpRequest.executeInternal(InterceptingClientHttpRequest.java:72)
	at org.springframework.http.client.AbstractBufferingClientHttpRequest.executeInternal(AbstractBufferingClientHttpRequest.java:48)
	at org.springframework.http.client.AbstractClientHttpRequest.execute(AbstractClientHttpRequest.java:66)
	at org.springframework.web.client.RestTemplate.doExecute(RestTemplate.java:889)
	... 21 more

2025-11-21 00:48:07 [DiscoveryClient-InstanceInfoReplicator-%d] WARN  c.n.d.s.t.d.RetryableEurekaHttpClient - Request execution failed with message: I/O error on POST request for "http://eureka-server:8761/eureka/apps/LOGISTICA": eureka-server:8761 failed to respond
2025-11-21 00:48:07 [DiscoveryClient-InstanceInfoReplicator-%d] INFO  c.n.d.s.t.d.RedirectingEurekaHttpClient - Request execution error. endpoint=DefaultEndpoint{ serviceUrl='http://eureka-server:8761/eureka/}, exception=I/O error on POST request for "http://eureka-server:8761/eureka/apps/LOGISTICA": Connect to http://eureka-server:8761 [eureka-server/172.18.0.6] failed: Connection refused stacktrace=org.springframework.web.client.ResourceAccessException: I/O error on POST request for "http://eureka-server:8761/eureka/apps/LOGISTICA": Connect to http://eureka-server:8761 [eureka-server/172.18.0.6] failed: Connection refused
	at org.springframework.web.client.RestTemplate.createResourceAccessException(RestTemplate.java:915)
	at org.springframework.web.client.RestTemplate.doExecute(RestTemplate.java:895)
	at org.springframework.web.client.RestTemplate.execute(RestTemplate.java:790)
	at org.springframework.web.client.RestTemplate.exchange(RestTemplate.java:672)
	at org.springframework.cloud.netflix.eureka.http.RestTemplateEurekaHttpClient.register(RestTemplateEurekaHttpClient.java:77)
	at com.netflix.discovery.shared.transport.decorator.EurekaHttpClientDecorator$1.execute(EurekaHttpClientDecorator.java:59)
	at com.netflix.discovery.shared.transport.decorator.RedirectingEurekaHttpClient.executeOnNewServer(RedirectingEurekaHttpClient.java:121)
	at com.netflix.discovery.shared.transport.decorator.RedirectingEurekaHttpClient.execute(RedirectingEurekaHttpClient.java:80)
	at com.netflix.discovery.shared.transport.decorator.EurekaHttpClientDecorator.register(EurekaHttpClientDecorator.java:56)
	at com.netflix.discovery.shared.transport.decorator.EurekaHttpClientDecorator$1.execute(EurekaHttpClientDecorator.java:59)
	at com.netflix.discovery.shared.transport.decorator.RetryableEurekaHttpClient.execute(RetryableEurekaHttpClient.java:120)
	at com.netflix.discovery.shared.transport.decorator.EurekaHttpClientDecorator.register(EurekaHttpClientDecorator.java:56)
	at com.netflix.discovery.shared.transport.decorator.EurekaHttpClientDecorator$1.execute(EurekaHttpClientDecorator.java:59)
	at com.netflix.discovery.shared.transport.decorator.SessionedEurekaHttpClient.execute(SessionedEurekaHttpClient.java:76)
	at com.netflix.discovery.shared.transport.decorator.EurekaHttpClientDecorator.register(EurekaHttpClientDecorator.java:56)
	at com.netflix.discovery.DiscoveryClient.register(DiscoveryClient.java:828)
	at com.netflix.discovery.InstanceInfoReplicator.run(InstanceInfoReplicator.java:125)
	at com.netflix.discovery.InstanceInfoReplicator$2.run(InstanceInfoReplicator.java:105)
	at java.base/java.util.concurrent.Executors$RunnableAdapter.call(Executors.java:572)
	at java.base/java.util.concurrent.FutureTask.run(FutureTask.java:317)
	at java.base/java.util.concurrent.ScheduledThreadPoolExecutor$ScheduledFutureTask.run(ScheduledThreadPoolExecutor.java:304)
	at java.base/java.util.concurrent.ThreadPoolExecutor.runWorker(ThreadPoolExecutor.java:1144)
	at java.base/java.util.concurrent.ThreadPoolExecutor$Worker.run(ThreadPoolExecutor.java:642)
	at java.base/java.lang.Thread.run(Thread.java:1583)
Caused by: org.apache.hc.client5.http.HttpHostConnectException: Connect to http://eureka-server:8761 [eureka-server/172.18.0.6] failed: Connection refused
	at java.base/sun.nio.ch.Net.pollConnect(Native Method)
	at java.base/sun.nio.ch.Net.pollConnectNow(Net.java:682)
	at java.base/sun.nio.ch.NioSocketImpl.timedFinishConnect(NioSocketImpl.java:542)
	at java.base/sun.nio.ch.NioSocketImpl.connect(NioSocketImpl.java:592)
	at java.base/java.net.SocksSocketImpl.connect(SocksSocketImpl.java:327)
	at java.base/java.net.Socket.connect(Socket.java:751)
	at org.apache.hc.client5.http.socket.PlainConnectionSocketFactory.lambda$connectSocket$0(PlainConnectionSocketFactory.java:91)
	at java.base/java.security.AccessController.doPrivileged(AccessController.java:571)
	at org.apache.hc.client5.http.socket.PlainConnectionSocketFactory.connectSocket(PlainConnectionSocketFactory.java:90)
	at org.apache.hc.client5.http.socket.ConnectionSocketFactory.connectSocket(ConnectionSocketFactory.java:123)
	at org.apache.hc.client5.http.impl.io.DefaultHttpClientConnectionOperator.connect(DefaultHttpClientConnectionOperator.java:189)
	at org.apache.hc.client5.http.impl.io.PoolingHttpClientConnectionManager.connect(PoolingHttpClientConnectionManager.java:450)
	at org.apache.hc.client5.http.impl.classic.InternalExecRuntime.connectEndpoint(InternalExecRuntime.java:162)
	at org.apache.hc.client5.http.impl.classic.InternalExecRuntime.connectEndpoint(InternalExecRuntime.java:172)
	at org.apache.hc.client5.http.impl.classic.ConnectExec.execute(ConnectExec.java:142)
	at org.apache.hc.client5.http.impl.classic.ExecChainElement.execute(ExecChainElement.java:51)
	at org.apache.hc.client5.http.impl.classic.ProtocolExec.execute(ProtocolExec.java:192)
	at org.apache.hc.client5.http.impl.classic.ExecChainElement.execute(ExecChainElement.java:51)
	at org.apache.hc.client5.http.impl.classic.HttpRequestRetryExec.execute(HttpRequestRetryExec.java:113)
	at org.apache.hc.client5.http.impl.classic.ExecChainElement.execute(ExecChainElement.java:51)
	at org.apache.hc.client5.http.impl.classic.ContentCompressionExec.execute(ContentCompressionExec.java:152)
	at org.apache.hc.client5.http.impl.classic.ExecChainElement.execute(ExecChainElement.java:51)
	at org.apache.hc.client5.http.impl.classic.RedirectExec.execute(RedirectExec.java:116)
	at org.apache.hc.client5.http.impl.classic.ExecChainElement.execute(ExecChainElement.java:51)
	at org.apache.hc.client5.http.impl.classic.InternalHttpClient.doExecute(InternalHttpClient.java:170)
	at org.apache.hc.client5.http.impl.classic.CloseableHttpClient.execute(CloseableHttpClient.java:87)
	at org.apache.hc.client5.http.impl.classic.CloseableHttpClient.execute(CloseableHttpClient.java:55)
	at org.apache.hc.client5.http.classic.HttpClient.executeOpen(HttpClient.java:183)
	at org.springframework.http.client.HttpComponentsClientHttpRequest.executeInternal(HttpComponentsClientHttpRequest.java:99)
	at org.springframework.http.client.AbstractStreamingClientHttpRequest.executeInternal(AbstractStreamingClientHttpRequest.java:70)
	at org.springframework.http.client.AbstractClientHttpRequest.execute(AbstractClientHttpRequest.java:66)
	at org.springframework.http.client.InterceptingClientHttpRequest$InterceptingRequestExecution.execute(InterceptingClientHttpRequest.java:112)
	at org.springframework.cloud.netflix.eureka.http.RestTemplateTransportClientFactory.lambda$restTemplate$3(RestTemplateTransportClientFactory.java:170)
	at org.springframework.http.client.InterceptingClientHttpRequest$InterceptingRequestExecution.execute(InterceptingClientHttpRequest.java:88)
	at org.springframework.http.client.InterceptingClientHttpRequest.executeInternal(InterceptingClientHttpRequest.java:72)
	at org.springframework.http.client.AbstractBufferingClientHttpRequest.executeInternal(AbstractBufferingClientHttpRequest.java:48)
	at org.springframework.http.client.AbstractClientHttpRequest.execute(AbstractClientHttpRequest.java:66)
	at org.springframework.web.client.RestTemplate.doExecute(RestTemplate.java:889)
	... 22 more

2025-11-21 00:48:07 [DiscoveryClient-InstanceInfoReplicator-%d] WARN  c.n.d.s.t.d.RetryableEurekaHttpClient - Request execution failed with message: I/O error on POST request for "http://eureka-server:8761/eureka/apps/LOGISTICA": Connect to http://eureka-server:8761 [eureka-server/172.18.0.6] failed: Connection refused
2025-11-21 00:48:07 [DiscoveryClient-InstanceInfoReplicator-%d] WARN  c.netflix.discovery.DiscoveryClient - DiscoveryClient_LOGISTICA/logistica:8081 - registration failed Cannot execute request on any known server
com.netflix.discovery.shared.transport.TransportException: Cannot execute request on any known server
	at com.netflix.discovery.shared.transport.decorator.RetryableEurekaHttpClient.execute(RetryableEurekaHttpClient.java:112)
	at com.netflix.discovery.shared.transport.decorator.EurekaHttpClientDecorator.register(EurekaHttpClientDecorator.java:56)
	at com.netflix.discovery.shared.transport.decorator.EurekaHttpClientDecorator$1.execute(EurekaHttpClientDecorator.java:59)
	at com.netflix.discovery.shared.transport.decorator.SessionedEurekaHttpClient.execute(SessionedEurekaHttpClient.java:76)
	at com.netflix.discovery.shared.transport.decorator.EurekaHttpClientDecorator.register(EurekaHttpClientDecorator.java:56)
	at com.netflix.discovery.DiscoveryClient.register(DiscoveryClient.java:828)
	at com.netflix.discovery.InstanceInfoReplicator.run(InstanceInfoReplicator.java:125)
	at com.netflix.discovery.InstanceInfoReplicator$2.run(InstanceInfoReplicator.java:105)
	at java.base/java.util.concurrent.Executors$RunnableAdapter.call(Executors.java:572)
	at java.base/java.util.concurrent.FutureTask.run(FutureTask.java:317)
	at java.base/java.util.concurrent.ScheduledThreadPoolExecutor$ScheduledFutureTask.run(ScheduledThreadPoolExecutor.java:304)
	at java.base/java.util.concurrent.ThreadPoolExecutor.runWorker(ThreadPoolExecutor.java:1144)
	at java.base/java.util.concurrent.ThreadPoolExecutor$Worker.run(ThreadPoolExecutor.java:642)
	at java.base/java.lang.Thread.run(Thread.java:1583)
2025-11-21 00:48:07 [DiscoveryClient-InstanceInfoReplicator-%d] WARN  c.n.discovery.InstanceInfoReplicator - There was a problem with the instance info replicator
com.netflix.discovery.shared.transport.TransportException: Cannot execute request on any known server
	at com.netflix.discovery.shared.transport.decorator.RetryableEurekaHttpClient.execute(RetryableEurekaHttpClient.java:112)
	at com.netflix.discovery.shared.transport.decorator.EurekaHttpClientDecorator.register(EurekaHttpClientDecorator.java:56)
	at com.netflix.discovery.shared.transport.decorator.EurekaHttpClientDecorator$1.execute(EurekaHttpClientDecorator.java:59)
	at com.netflix.discovery.shared.transport.decorator.SessionedEurekaHttpClient.execute(SessionedEurekaHttpClient.java:76)
	at com.netflix.discovery.shared.transport.decorator.EurekaHttpClientDecorator.register(EurekaHttpClientDecorator.java:56)
	at com.netflix.discovery.DiscoveryClient.register(DiscoveryClient.java:828)
	at com.netflix.discovery.InstanceInfoReplicator.run(InstanceInfoReplicator.java:125)
	at com.netflix.discovery.InstanceInfoReplicator$2.run(InstanceInfoReplicator.java:105)
	at java.base/java.util.concurrent.Executors$RunnableAdapter.call(Executors.java:572)
	at java.base/java.util.concurrent.FutureTask.run(FutureTask.java:317)
	at java.base/java.util.concurrent.ScheduledThreadPoolExecutor$ScheduledFutureTask.run(ScheduledThreadPoolExecutor.java:304)
	at java.base/java.util.concurrent.ThreadPoolExecutor.runWorker(ThreadPoolExecutor.java:1144)
	at java.base/java.util.concurrent.ThreadPoolExecutor$Worker.run(ThreadPoolExecutor.java:642)
	at java.base/java.lang.Thread.run(Thread.java:1583)
2025-11-21 01:17:26 [main] INFO  a.b.logistica.LogisticaApplication - Starting LogisticaApplication v0.0.1-SNAPSHOT using Java 21.0.9 with PID 1 (/app.jar started by root in /)
2025-11-21 01:17:26 [main] INFO  a.b.logistica.LogisticaApplication - No active profile set, falling back to 1 default profile: "default"
2025-11-21 01:17:33 [main] INFO  o.s.d.r.c.RepositoryConfigurationDelegate - Bootstrapping Spring Data JPA repositories in DEFAULT mode.
2025-11-21 01:17:34 [main] INFO  o.s.d.r.c.RepositoryConfigurationDelegate - Finished Spring Data repository scanning in 799 ms. Found 8 JPA repository interfaces.
2025-11-21 01:17:35 [main] INFO  o.s.cloud.context.scope.GenericScope - BeanFactory id=2607686d-9688-3043-8508-967b7d09f508
2025-11-21 01:17:36 [main] WARN  o.s.c.s.PostProcessorRegistrationDelegate$BeanPostProcessorChecker - Bean 'org.springframework.cloud.client.loadbalancer.LoadBalancerAutoConfiguration$DeferringLoadBalancerInterceptorConfig' of type [org.springframework.cloud.client.loadbalancer.LoadBalancerAutoConfiguration$DeferringLoadBalancerInterceptorConfig] is not eligible for getting processed by all BeanPostProcessors (for example: not eligible for auto-proxying). The currently created BeanPostProcessor [lbRestClientPostProcessor] is declared through a non-static factory method on that class; consider declaring it as static instead.
2025-11-21 01:17:36 [main] WARN  o.s.c.s.PostProcessorRegistrationDelegate$BeanPostProcessorChecker - Bean 'deferringLoadBalancerInterceptor' of type [org.springframework.cloud.client.loadbalancer.DeferringLoadBalancerInterceptor] is not eligible for getting processed by all BeanPostProcessors (for example: not eligible for auto-proxying). Is this bean getting eagerly injected/applied to a currently created BeanPostProcessor [lbRestClientPostProcessor]? Check the corresponding BeanPostProcessor declaration and its dependencies/advisors. If this bean does not have to be post-processed, declare it with ROLE_INFRASTRUCTURE.
2025-11-21 01:17:36 [main] WARN  o.s.c.s.PostProcessorRegistrationDelegate$BeanPostProcessorChecker - Bean 'org.springframework.cloud.client.loadbalancer.reactive.LoadBalancerBeanPostProcessorAutoConfiguration' of type [org.springframework.cloud.client.loadbalancer.reactive.LoadBalancerBeanPostProcessorAutoConfiguration] is not eligible for getting processed by all BeanPostProcessors (for example: not eligible for auto-proxying). The currently created BeanPostProcessor [loadBalancerWebClientBuilderBeanPostProcessor] is declared through a non-static factory method on that class; consider declaring it as static instead.
2025-11-21 01:17:36 [main] WARN  o.s.c.s.PostProcessorRegistrationDelegate$BeanPostProcessorChecker - Bean 'org.springframework.cloud.client.loadbalancer.reactive.LoadBalancerBeanPostProcessorAutoConfiguration$ReactorDeferringLoadBalancerFilterConfig' of type [org.springframework.cloud.client.loadbalancer.reactive.LoadBalancerBeanPostProcessorAutoConfiguration$ReactorDeferringLoadBalancerFilterConfig] is not eligible for getting processed by all BeanPostProcessors (for example: not eligible for auto-proxying). Is this bean getting eagerly injected/applied to a currently created BeanPostProcessor [loadBalancerWebClientBuilderBeanPostProcessor]? Check the corresponding BeanPostProcessor declaration and its dependencies/advisors. If this bean does not have to be post-processed, declare it with ROLE_INFRASTRUCTURE.
2025-11-21 01:17:36 [main] WARN  o.s.c.s.PostProcessorRegistrationDelegate$BeanPostProcessorChecker - Bean 'reactorDeferringLoadBalancerExchangeFilterFunction' of type [org.springframework.cloud.client.loadbalancer.reactive.DeferringLoadBalancerExchangeFilterFunction] is not eligible for getting processed by all BeanPostProcessors (for example: not eligible for auto-proxying). Is this bean getting eagerly injected/applied to a currently created BeanPostProcessor [loadBalancerWebClientBuilderBeanPostProcessor]? Check the corresponding BeanPostProcessor declaration and its dependencies/advisors. If this bean does not have to be post-processed, declare it with ROLE_INFRASTRUCTURE.
2025-11-21 01:17:37 [main] INFO  o.s.b.w.e.tomcat.TomcatWebServer - Tomcat initialized with port 8081 (http)
2025-11-21 01:17:37 [main] INFO  o.a.catalina.core.StandardService - Starting service [Tomcat]
2025-11-21 01:17:37 [main] INFO  o.a.catalina.core.StandardEngine - Starting Servlet engine: [Apache Tomcat/10.1.31]
2025-11-21 01:17:38 [main] INFO  o.a.c.c.C.[Tomcat].[localhost].[/] - Initializing Spring embedded WebApplicationContext
2025-11-21 01:17:38 [main] INFO  o.s.b.w.s.c.ServletWebServerApplicationContext - Root WebApplicationContext: initialization completed in 10676 ms
2025-11-21 01:17:38 [main] INFO  o.h.jpa.internal.util.LogHelper - HHH000204: Processing PersistenceUnitInfo [name: default]
2025-11-21 01:17:39 [main] INFO  org.hibernate.Version - HHH000412: Hibernate ORM core version 6.5.3.Final
2025-11-21 01:17:39 [main] INFO  o.h.c.i.RegionFactoryInitiator - HHH000026: Second-level cache disabled
2025-11-21 01:17:40 [main] INFO  o.s.o.j.p.SpringPersistenceUnitInfo - No LoadTimeWeaver setup: ignoring JPA class transformer
2025-11-21 01:17:41 [main] INFO  com.zaxxer.hikari.HikariDataSource - HikariPool-1 - Starting...
2025-11-21 01:17:41 [main] INFO  com.zaxxer.hikari.pool.HikariPool - HikariPool-1 - Added connection org.postgresql.jdbc.PgConnection@240f2efd
2025-11-21 01:17:41 [main] INFO  com.zaxxer.hikari.HikariDataSource - HikariPool-1 - Start completed.
2025-11-21 01:17:41 [main] WARN  org.hibernate.orm.deprecation - HHH90000025: PostgreSQLDialect does not need to be specified explicitly using 'hibernate.dialect' (remove the property setting and it will be selected by default)
2025-11-21 01:17:44 [main] INFO  o.h.e.t.j.p.i.JtaPlatformInitiator - HHH000489: No JTA platform available (set 'hibernate.transaction.jta.platform' to enable JTA platform integration)
2025-11-21 01:17:44 [main] WARN  o.h.e.jdbc.spi.SqlExceptionHelper - SQL Warning Code: 0, SQLState: 00000
2025-11-21 01:17:44 [main] WARN  o.h.e.jdbc.spi.SqlExceptionHelper - constraint "uk1c96wv36rk2hwui7qhjks3mvg" of relation "clientes" does not exist, skipping
2025-11-21 01:17:44 [main] WARN  o.h.e.jdbc.spi.SqlExceptionHelper - SQL Warning Code: 0, SQLState: 00000
2025-11-21 01:17:44 [main] WARN  o.h.e.jdbc.spi.SqlExceptionHelper - constraint "ukoeryptqjmhhu3wcfuowpv5t5o" of relation "solicitudes" does not exist, skipping
2025-11-21 01:17:44 [main] WARN  o.h.e.jdbc.spi.SqlExceptionHelper - SQL Warning Code: 0, SQLState: 00000
2025-11-21 01:17:44 [main] WARN  o.h.e.jdbc.spi.SqlExceptionHelper - constraint "ukiv5wy95kxmg6omuu41luqgnwn" of relation "solicitudes" does not exist, skipping
2025-11-21 01:17:44 [main] INFO  o.s.o.j.LocalContainerEntityManagerFactoryBean - Initialized JPA EntityManagerFactory for persistence unit 'default'
2025-11-21 01:17:47 [main] WARN  o.s.b.a.o.j.JpaBaseConfiguration$JpaWebConfiguration - spring.jpa.open-in-view is enabled by default. Therefore, database queries may be performed during view rendering. Explicitly configure spring.jpa.open-in-view to disable this warning
2025-11-21 01:17:49 [main] INFO  o.s.c.n.e.c.DiscoveryClientOptionalArgsConfiguration - Eureka HTTP Client uses RestTemplate.
2025-11-21 01:17:49 [main] WARN  o.s.c.l.c.LoadBalancerCacheAutoConfiguration$LoadBalancerCaffeineWarnLogger - Spring Cloud LoadBalancer is currently working with the default cache. While this cache implementation is useful for development and tests, it's recommended to use Caffeine cache in production.You can switch to using Caffeine cache, by adding it and org.springframework.cache.caffeine.CaffeineCacheManager to the classpath.
2025-11-21 01:17:49 [main] INFO  o.s.c.n.eureka.InstanceInfoFactory - Setting initial instance status as: STARTING
2025-11-21 01:17:49 [main] INFO  c.netflix.discovery.DiscoveryClient - Initializing Eureka in region us-east-1
2025-11-21 01:17:49 [main] INFO  c.n.d.s.r.aws.ConfigClusterResolver - Resolving eureka endpoints via configuration
2025-11-21 01:17:49 [main] INFO  c.netflix.discovery.DiscoveryClient - Disable delta property : false
2025-11-21 01:17:49 [main] INFO  c.netflix.discovery.DiscoveryClient - Single vip registry refresh property : null
2025-11-21 01:17:49 [main] INFO  c.netflix.discovery.DiscoveryClient - Force full registry fetch : false
2025-11-21 01:17:49 [main] INFO  c.netflix.discovery.DiscoveryClient - Application is null : false
2025-11-21 01:17:49 [main] INFO  c.netflix.discovery.DiscoveryClient - Registered Applications size is zero : true
2025-11-21 01:17:49 [main] INFO  c.netflix.discovery.DiscoveryClient - Application version is -1: true
2025-11-21 01:17:49 [main] INFO  c.netflix.discovery.DiscoveryClient - Getting all instance registry info from the eureka server
2025-11-21 01:17:50 [main] INFO  c.netflix.discovery.DiscoveryClient - The response status is 200
2025-11-21 01:17:50 [main] INFO  c.netflix.discovery.DiscoveryClient - Starting heartbeat executor: renew interval is: 30
2025-11-21 01:17:50 [main] INFO  c.n.discovery.InstanceInfoReplicator - InstanceInfoReplicator onDemand update allowed rate per min is 4
2025-11-21 01:17:50 [main] INFO  c.netflix.discovery.DiscoveryClient - Discovery Client initialized at timestamp 1763687870831 with initial instances count: 0
2025-11-21 01:17:50 [main] INFO  o.s.c.n.e.s.EurekaServiceRegistry - Registering application LOGISTICA with eureka with status UP
2025-11-21 01:17:50 [main] INFO  c.netflix.discovery.DiscoveryClient - Saw local status change event StatusChangeEvent [timestamp=1763687870845, current=UP, previous=STARTING]
2025-11-21 01:17:50 [DiscoveryClient-InstanceInfoReplicator-%d] INFO  c.netflix.discovery.DiscoveryClient - DiscoveryClient_LOGISTICA/logistica:8081: registering service...
2025-11-21 01:17:50 [main] INFO  o.s.b.w.e.tomcat.TomcatWebServer - Tomcat started on port 8081 (http) with context path '/'
2025-11-21 01:17:50 [main] INFO  o.s.c.n.e.s.EurekaAutoServiceRegistration - Updating port to 8081
2025-11-21 01:17:50 [main] INFO  a.b.logistica.LogisticaApplication - Started LogisticaApplication in 27.583 seconds (process running for 30.847)
2025-11-21 01:17:50 [DiscoveryClient-InstanceInfoReplicator-%d] INFO  c.netflix.discovery.DiscoveryClient - DiscoveryClient_LOGISTICA/logistica:8081 - registration status: 204
2025-11-21 01:18:20 [DiscoveryClient-CacheRefreshExecutor-%d] INFO  c.netflix.discovery.DiscoveryClient - Disable delta property : false
2025-11-21 01:18:20 [DiscoveryClient-CacheRefreshExecutor-%d] INFO  c.netflix.discovery.DiscoveryClient - Single vip registry refresh property : null
2025-11-21 01:18:20 [DiscoveryClient-CacheRefreshExecutor-%d] INFO  c.netflix.discovery.DiscoveryClient - Force full registry fetch : false
2025-11-21 01:18:20 [DiscoveryClient-CacheRefreshExecutor-%d] INFO  c.netflix.discovery.DiscoveryClient - Application is null : false
2025-11-21 01:18:20 [DiscoveryClient-CacheRefreshExecutor-%d] INFO  c.netflix.discovery.DiscoveryClient - Registered Applications size is zero : true
2025-11-21 01:18:20 [DiscoveryClient-CacheRefreshExecutor-%d] INFO  c.netflix.discovery.DiscoveryClient - Application version is -1: false
2025-11-21 01:18:20 [DiscoveryClient-CacheRefreshExecutor-%d] INFO  c.netflix.discovery.DiscoveryClient - Getting all instance registry info from the eureka server
2025-11-21 01:18:20 [DiscoveryClient-CacheRefreshExecutor-%d] INFO  c.netflix.discovery.DiscoveryClient - The response status is 200
2025-11-21 01:22:49 [AsyncResolver-bootstrap-executor-%d] INFO  c.n.d.s.r.aws.ConfigClusterResolver - Resolving eureka endpoints via configuration
2025-11-21 01:26:19 [SpringApplicationShutdownHook] INFO  o.s.c.n.e.s.EurekaServiceRegistry - Unregistering application LOGISTICA with eureka with status DOWN
2025-11-21 01:26:19 [SpringApplicationShutdownHook] INFO  c.netflix.discovery.DiscoveryClient - Saw local status change event StatusChangeEvent [timestamp=1763688379029, current=DOWN, previous=UP]
2025-11-21 01:26:19 [DiscoveryClient-InstanceInfoReplicator-%d] INFO  c.netflix.discovery.DiscoveryClient - DiscoveryClient_LOGISTICA/logistica:8081: registering service...
2025-11-21 01:26:19 [DiscoveryClient-InstanceInfoReplicator-%d] INFO  c.n.d.s.t.d.RedirectingEurekaHttpClient - Request execution error. endpoint=DefaultEndpoint{ serviceUrl='http://eureka-server:8761/eureka/} exception=I/O error on POST request for "http://eureka-server:8761/eureka/apps/LOGISTICA": Connect to http://eureka-server:8761 [eureka-server/172.18.0.6] failed: Connection refused stacktrace=org.springframework.web.client.ResourceAccessException: I/O error on POST request for "http://eureka-server:8761/eureka/apps/LOGISTICA": Connect to http://eureka-server:8761 [eureka-server/172.18.0.6] failed: Connection refused
	at org.springframework.web.client.RestTemplate.createResourceAccessException(RestTemplate.java:915)
	at org.springframework.web.client.RestTemplate.doExecute(RestTemplate.java:895)
	at org.springframework.web.client.RestTemplate.execute(RestTemplate.java:790)
	at org.springframework.web.client.RestTemplate.exchange(RestTemplate.java:672)
	at org.springframework.cloud.netflix.eureka.http.RestTemplateEurekaHttpClient.register(RestTemplateEurekaHttpClient.java:77)
	at com.netflix.discovery.shared.transport.decorator.EurekaHttpClientDecorator$1.execute(EurekaHttpClientDecorator.java:59)
	at com.netflix.discovery.shared.transport.decorator.RedirectingEurekaHttpClient.execute(RedirectingEurekaHttpClient.java:91)
	at com.netflix.discovery.shared.transport.decorator.EurekaHttpClientDecorator.register(EurekaHttpClientDecorator.java:56)
	at com.netflix.discovery.shared.transport.decorator.EurekaHttpClientDecorator$1.execute(EurekaHttpClientDecorator.java:59)
	at com.netflix.discovery.shared.transport.decorator.RetryableEurekaHttpClient.execute(RetryableEurekaHttpClient.java:120)
	at com.netflix.discovery.shared.transport.decorator.EurekaHttpClientDecorator.register(EurekaHttpClientDecorator.java:56)
	at com.netflix.discovery.shared.transport.decorator.EurekaHttpClientDecorator$1.execute(EurekaHttpClientDecorator.java:59)
	at com.netflix.discovery.shared.transport.decorator.SessionedEurekaHttpClient.execute(SessionedEurekaHttpClient.java:76)
	at com.netflix.discovery.shared.transport.decorator.EurekaHttpClientDecorator.register(EurekaHttpClientDecorator.java:56)
	at com.netflix.discovery.DiscoveryClient.register(DiscoveryClient.java:828)
	at com.netflix.discovery.InstanceInfoReplicator.run(InstanceInfoReplicator.java:125)
	at com.netflix.discovery.InstanceInfoReplicator$2.run(InstanceInfoReplicator.java:105)
	at java.base/java.util.concurrent.Executors$RunnableAdapter.call(Executors.java:572)
	at java.base/java.util.concurrent.FutureTask.run(FutureTask.java:317)
	at java.base/java.util.concurrent.ScheduledThreadPoolExecutor$ScheduledFutureTask.run(ScheduledThreadPoolExecutor.java:304)
	at java.base/java.util.concurrent.ThreadPoolExecutor.runWorker(ThreadPoolExecutor.java:1144)
	at java.base/java.util.concurrent.ThreadPoolExecutor$Worker.run(ThreadPoolExecutor.java:642)
	at java.base/java.lang.Thread.run(Thread.java:1583)
Caused by: org.apache.hc.client5.http.HttpHostConnectException: Connect to http://eureka-server:8761 [eureka-server/172.18.0.6] failed: Connection refused
	at java.base/sun.nio.ch.Net.pollConnect(Native Method)
	at java.base/sun.nio.ch.Net.pollConnectNow(Net.java:682)
	at java.base/sun.nio.ch.NioSocketImpl.timedFinishConnect(NioSocketImpl.java:542)
	at java.base/sun.nio.ch.NioSocketImpl.connect(NioSocketImpl.java:592)
	at java.base/java.net.SocksSocketImpl.connect(SocksSocketImpl.java:327)
	at java.base/java.net.Socket.connect(Socket.java:751)
	at org.apache.hc.client5.http.socket.PlainConnectionSocketFactory.lambda$connectSocket$0(PlainConnectionSocketFactory.java:91)
	at java.base/java.security.AccessController.doPrivileged(AccessController.java:571)
	at org.apache.hc.client5.http.socket.PlainConnectionSocketFactory.connectSocket(PlainConnectionSocketFactory.java:90)
	at org.apache.hc.client5.http.socket.ConnectionSocketFactory.connectSocket(ConnectionSocketFactory.java:123)
	at org.apache.hc.client5.http.impl.io.DefaultHttpClientConnectionOperator.connect(DefaultHttpClientConnectionOperator.java:189)
	at org.apache.hc.client5.http.impl.io.PoolingHttpClientConnectionManager.connect(PoolingHttpClientConnectionManager.java:450)
	at org.apache.hc.client5.http.impl.classic.InternalExecRuntime.connectEndpoint(InternalExecRuntime.java:162)
	at org.apache.hc.client5.http.impl.classic.InternalExecRuntime.connectEndpoint(InternalExecRuntime.java:172)
	at org.apache.hc.client5.http.impl.classic.ConnectExec.execute(ConnectExec.java:142)
	at org.apache.hc.client5.http.impl.classic.ExecChainElement.execute(ExecChainElement.java:51)
	at org.apache.hc.client5.http.impl.classic.ProtocolExec.execute(ProtocolExec.java:192)
	at org.apache.hc.client5.http.impl.classic.ExecChainElement.execute(ExecChainElement.java:51)
	at org.apache.hc.client5.http.impl.classic.HttpRequestRetryExec.execute(HttpRequestRetryExec.java:113)
	at org.apache.hc.client5.http.impl.classic.ExecChainElement.execute(ExecChainElement.java:51)
	at org.apache.hc.client5.http.impl.classic.ContentCompressionExec.execute(ContentCompressionExec.java:152)
	at org.apache.hc.client5.http.impl.classic.ExecChainElement.execute(ExecChainElement.java:51)
	at org.apache.hc.client5.http.impl.classic.RedirectExec.execute(RedirectExec.java:116)
	at org.apache.hc.client5.http.impl.classic.ExecChainElement.execute(ExecChainElement.java:51)
	at org.apache.hc.client5.http.impl.classic.InternalHttpClient.doExecute(InternalHttpClient.java:170)
	at org.apache.hc.client5.http.impl.classic.CloseableHttpClient.execute(CloseableHttpClient.java:87)
	at org.apache.hc.client5.http.impl.classic.CloseableHttpClient.execute(CloseableHttpClient.java:55)
	at org.apache.hc.client5.http.classic.HttpClient.executeOpen(HttpClient.java:183)
	at org.springframework.http.client.HttpComponentsClientHttpRequest.executeInternal(HttpComponentsClientHttpRequest.java:99)
	at org.springframework.http.client.AbstractStreamingClientHttpRequest.executeInternal(AbstractStreamingClientHttpRequest.java:70)
	at org.springframework.http.client.AbstractClientHttpRequest.execute(AbstractClientHttpRequest.java:66)
	at org.springframework.http.client.InterceptingClientHttpRequest$InterceptingRequestExecution.execute(InterceptingClientHttpRequest.java:112)
	at org.springframework.cloud.netflix.eureka.http.RestTemplateTransportClientFactory.lambda$restTemplate$3(RestTemplateTransportClientFactory.java:170)
	at org.springframework.http.client.InterceptingClientHttpRequest$InterceptingRequestExecution.execute(InterceptingClientHttpRequest.java:88)
	at org.springframework.http.client.InterceptingClientHttpRequest.executeInternal(InterceptingClientHttpRequest.java:72)
	at org.springframework.http.client.AbstractBufferingClientHttpRequest.executeInternal(AbstractBufferingClientHttpRequest.java:48)
	at org.springframework.http.client.AbstractClientHttpRequest.execute(AbstractClientHttpRequest.java:66)
	at org.springframework.web.client.RestTemplate.doExecute(RestTemplate.java:889)
	... 21 more

2025-11-21 01:26:19 [DiscoveryClient-InstanceInfoReplicator-%d] WARN  c.n.d.s.t.d.RetryableEurekaHttpClient - Request execution failed with message: I/O error on POST request for "http://eureka-server:8761/eureka/apps/LOGISTICA": Connect to http://eureka-server:8761 [eureka-server/172.18.0.6] failed: Connection refused
2025-11-21 01:26:19 [DiscoveryClient-InstanceInfoReplicator-%d] INFO  c.n.d.s.t.d.RedirectingEurekaHttpClient - Request execution error. endpoint=DefaultEndpoint{ serviceUrl='http://eureka-server:8761/eureka/}, exception=I/O error on POST request for "http://eureka-server:8761/eureka/apps/LOGISTICA": Connect to http://eureka-server:8761 [eureka-server/172.18.0.6] failed: Connection refused stacktrace=org.springframework.web.client.ResourceAccessException: I/O error on POST request for "http://eureka-server:8761/eureka/apps/LOGISTICA": Connect to http://eureka-server:8761 [eureka-server/172.18.0.6] failed: Connection refused
	at org.springframework.web.client.RestTemplate.createResourceAccessException(RestTemplate.java:915)
	at org.springframework.web.client.RestTemplate.doExecute(RestTemplate.java:895)
	at org.springframework.web.client.RestTemplate.execute(RestTemplate.java:790)
	at org.springframework.web.client.RestTemplate.exchange(RestTemplate.java:672)
	at org.springframework.cloud.netflix.eureka.http.RestTemplateEurekaHttpClient.register(RestTemplateEurekaHttpClient.java:77)
	at com.netflix.discovery.shared.transport.decorator.EurekaHttpClientDecorator$1.execute(EurekaHttpClientDecorator.java:59)
	at com.netflix.discovery.shared.transport.decorator.RedirectingEurekaHttpClient.executeOnNewServer(RedirectingEurekaHttpClient.java:121)
	at com.netflix.discovery.shared.transport.decorator.RedirectingEurekaHttpClient.execute(RedirectingEurekaHttpClient.java:80)
	at com.netflix.discovery.shared.transport.decorator.EurekaHttpClientDecorator.register(EurekaHttpClientDecorator.java:56)
	at com.netflix.discovery.shared.transport.decorator.EurekaHttpClientDecorator$1.execute(EurekaHttpClientDecorator.java:59)
	at com.netflix.discovery.shared.transport.decorator.RetryableEurekaHttpClient.execute(RetryableEurekaHttpClient.java:120)
	at com.netflix.discovery.shared.transport.decorator.EurekaHttpClientDecorator.register(EurekaHttpClientDecorator.java:56)
	at com.netflix.discovery.shared.transport.decorator.EurekaHttpClientDecorator$1.execute(EurekaHttpClientDecorator.java:59)
	at com.netflix.discovery.shared.transport.decorator.SessionedEurekaHttpClient.execute(SessionedEurekaHttpClient.java:76)
	at com.netflix.discovery.shared.transport.decorator.EurekaHttpClientDecorator.register(EurekaHttpClientDecorator.java:56)
	at com.netflix.discovery.DiscoveryClient.register(DiscoveryClient.java:828)
	at com.netflix.discovery.InstanceInfoReplicator.run(InstanceInfoReplicator.java:125)
	at com.netflix.discovery.InstanceInfoReplicator$2.run(InstanceInfoReplicator.java:105)
	at java.base/java.util.concurrent.Executors$RunnableAdapter.call(Executors.java:572)
	at java.base/java.util.concurrent.FutureTask.run(FutureTask.java:317)
	at java.base/java.util.concurrent.ScheduledThreadPoolExecutor$ScheduledFutureTask.run(ScheduledThreadPoolExecutor.java:304)
	at java.base/java.util.concurrent.ThreadPoolExecutor.runWorker(ThreadPoolExecutor.java:1144)
	at java.base/java.util.concurrent.ThreadPoolExecutor$Worker.run(ThreadPoolExecutor.java:642)
	at java.base/java.lang.Thread.run(Thread.java:1583)
Caused by: org.apache.hc.client5.http.HttpHostConnectException: Connect to http://eureka-server:8761 [eureka-server/172.18.0.6] failed: Connection refused
	at java.base/sun.nio.ch.Net.pollConnect(Native Method)
	at java.base/sun.nio.ch.Net.pollConnectNow(Net.java:682)
	at java.base/sun.nio.ch.NioSocketImpl.timedFinishConnect(NioSocketImpl.java:542)
	at java.base/sun.nio.ch.NioSocketImpl.connect(NioSocketImpl.java:592)
	at java.base/java.net.SocksSocketImpl.connect(SocksSocketImpl.java:327)
	at java.base/java.net.Socket.connect(Socket.java:751)
	at org.apache.hc.client5.http.socket.PlainConnectionSocketFactory.lambda$connectSocket$0(PlainConnectionSocketFactory.java:91)
	at java.base/java.security.AccessController.doPrivileged(AccessController.java:571)
	at org.apache.hc.client5.http.socket.PlainConnectionSocketFactory.connectSocket(PlainConnectionSocketFactory.java:90)
	at org.apache.hc.client5.http.socket.ConnectionSocketFactory.connectSocket(ConnectionSocketFactory.java:123)
	at org.apache.hc.client5.http.impl.io.DefaultHttpClientConnectionOperator.connect(DefaultHttpClientConnectionOperator.java:189)
	at org.apache.hc.client5.http.impl.io.PoolingHttpClientConnectionManager.connect(PoolingHttpClientConnectionManager.java:450)
	at org.apache.hc.client5.http.impl.classic.InternalExecRuntime.connectEndpoint(InternalExecRuntime.java:162)
	at org.apache.hc.client5.http.impl.classic.InternalExecRuntime.connectEndpoint(InternalExecRuntime.java:172)
	at org.apache.hc.client5.http.impl.classic.ConnectExec.execute(ConnectExec.java:142)
	at org.apache.hc.client5.http.impl.classic.ExecChainElement.execute(ExecChainElement.java:51)
	at org.apache.hc.client5.http.impl.classic.ProtocolExec.execute(ProtocolExec.java:192)
	at org.apache.hc.client5.http.impl.classic.ExecChainElement.execute(ExecChainElement.java:51)
	at org.apache.hc.client5.http.impl.classic.HttpRequestRetryExec.execute(HttpRequestRetryExec.java:113)
	at org.apache.hc.client5.http.impl.classic.ExecChainElement.execute(ExecChainElement.java:51)
	at org.apache.hc.client5.http.impl.classic.ContentCompressionExec.execute(ContentCompressionExec.java:152)
	at org.apache.hc.client5.http.impl.classic.ExecChainElement.execute(ExecChainElement.java:51)
	at org.apache.hc.client5.http.impl.classic.RedirectExec.execute(RedirectExec.java:116)
	at org.apache.hc.client5.http.impl.classic.ExecChainElement.execute(ExecChainElement.java:51)
	at org.apache.hc.client5.http.impl.classic.InternalHttpClient.doExecute(InternalHttpClient.java:170)
	at org.apache.hc.client5.http.impl.classic.CloseableHttpClient.execute(CloseableHttpClient.java:87)
	at org.apache.hc.client5.http.impl.classic.CloseableHttpClient.execute(CloseableHttpClient.java:55)
	at org.apache.hc.client5.http.classic.HttpClient.executeOpen(HttpClient.java:183)
	at org.springframework.http.client.HttpComponentsClientHttpRequest.executeInternal(HttpComponentsClientHttpRequest.java:99)
	at org.springframework.http.client.AbstractStreamingClientHttpRequest.executeInternal(AbstractStreamingClientHttpRequest.java:70)
	at org.springframework.http.client.AbstractClientHttpRequest.execute(AbstractClientHttpRequest.java:66)
	at org.springframework.http.client.InterceptingClientHttpRequest$InterceptingRequestExecution.execute(InterceptingClientHttpRequest.java:112)
	at org.springframework.cloud.netflix.eureka.http.RestTemplateTransportClientFactory.lambda$restTemplate$3(RestTemplateTransportClientFactory.java:170)
	at org.springframework.http.client.InterceptingClientHttpRequest$InterceptingRequestExecution.execute(InterceptingClientHttpRequest.java:88)
	at org.springframework.http.client.InterceptingClientHttpRequest.executeInternal(InterceptingClientHttpRequest.java:72)
	at org.springframework.http.client.AbstractBufferingClientHttpRequest.executeInternal(AbstractBufferingClientHttpRequest.java:48)
	at org.springframework.http.client.AbstractClientHttpRequest.execute(AbstractClientHttpRequest.java:66)
	at org.springframework.web.client.RestTemplate.doExecute(RestTemplate.java:889)
	... 22 more

2025-11-21 01:26:19 [DiscoveryClient-InstanceInfoReplicator-%d] WARN  c.n.d.s.t.d.RetryableEurekaHttpClient - Request execution failed with message: I/O error on POST request for "http://eureka-server:8761/eureka/apps/LOGISTICA": Connect to http://eureka-server:8761 [eureka-server/172.18.0.6] failed: Connection refused
2025-11-21 01:26:19 [DiscoveryClient-InstanceInfoReplicator-%d] WARN  c.netflix.discovery.DiscoveryClient - DiscoveryClient_LOGISTICA/logistica:8081 - registration failed Cannot execute request on any known server
com.netflix.discovery.shared.transport.TransportException: Cannot execute request on any known server
	at com.netflix.discovery.shared.transport.decorator.RetryableEurekaHttpClient.execute(RetryableEurekaHttpClient.java:112)
	at com.netflix.discovery.shared.transport.decorator.EurekaHttpClientDecorator.register(EurekaHttpClientDecorator.java:56)
	at com.netflix.discovery.shared.transport.decorator.EurekaHttpClientDecorator$1.execute(EurekaHttpClientDecorator.java:59)
	at com.netflix.discovery.shared.transport.decorator.SessionedEurekaHttpClient.execute(SessionedEurekaHttpClient.java:76)
	at com.netflix.discovery.shared.transport.decorator.EurekaHttpClientDecorator.register(EurekaHttpClientDecorator.java:56)
	at com.netflix.discovery.DiscoveryClient.register(DiscoveryClient.java:828)
	at com.netflix.discovery.InstanceInfoReplicator.run(InstanceInfoReplicator.java:125)
	at com.netflix.discovery.InstanceInfoReplicator$2.run(InstanceInfoReplicator.java:105)
	at java.base/java.util.concurrent.Executors$RunnableAdapter.call(Executors.java:572)
	at java.base/java.util.concurrent.FutureTask.run(FutureTask.java:317)
	at java.base/java.util.concurrent.ScheduledThreadPoolExecutor$ScheduledFutureTask.run(ScheduledThreadPoolExecutor.java:304)
	at java.base/java.util.concurrent.ThreadPoolExecutor.runWorker(ThreadPoolExecutor.java:1144)
	at java.base/java.util.concurrent.ThreadPoolExecutor$Worker.run(ThreadPoolExecutor.java:642)
	at java.base/java.lang.Thread.run(Thread.java:1583)
2025-11-21 01:26:19 [SpringApplicationShutdownHook] INFO  o.s.o.j.LocalContainerEntityManagerFactoryBean - Closing JPA EntityManagerFactory for persistence unit 'default'
2025-11-21 01:26:19 [DiscoveryClient-InstanceInfoReplicator-%d] WARN  c.n.discovery.InstanceInfoReplicator - There was a problem with the instance info replicator
com.netflix.discovery.shared.transport.TransportException: Cannot execute request on any known server
	at com.netflix.discovery.shared.transport.decorator.RetryableEurekaHttpClient.execute(RetryableEurekaHttpClient.java:112)
	at com.netflix.discovery.shared.transport.decorator.EurekaHttpClientDecorator.register(EurekaHttpClientDecorator.java:56)
	at com.netflix.discovery.shared.transport.decorator.EurekaHttpClientDecorator$1.execute(EurekaHttpClientDecorator.java:59)
	at com.netflix.discovery.shared.transport.decorator.SessionedEurekaHttpClient.execute(SessionedEurekaHttpClient.java:76)
	at com.netflix.discovery.shared.transport.decorator.EurekaHttpClientDecorator.register(EurekaHttpClientDecorator.java:56)
	at com.netflix.discovery.DiscoveryClient.register(DiscoveryClient.java:828)
	at com.netflix.discovery.InstanceInfoReplicator.run(InstanceInfoReplicator.java:125)
	at com.netflix.discovery.InstanceInfoReplicator$2.run(InstanceInfoReplicator.java:105)
	at java.base/java.util.concurrent.Executors$RunnableAdapter.call(Executors.java:572)
	at java.base/java.util.concurrent.FutureTask.run(FutureTask.java:317)
	at java.base/java.util.concurrent.ScheduledThreadPoolExecutor$ScheduledFutureTask.run(ScheduledThreadPoolExecutor.java:304)
	at java.base/java.util.concurrent.ThreadPoolExecutor.runWorker(ThreadPoolExecutor.java:1144)
	at java.base/java.util.concurrent.ThreadPoolExecutor$Worker.run(ThreadPoolExecutor.java:642)
	at java.base/java.lang.Thread.run(Thread.java:1583)
2025-11-21 01:26:19 [SpringApplicationShutdownHook] INFO  com.zaxxer.hikari.HikariDataSource - HikariPool-1 - Shutdown initiated...
2025-11-21 01:26:19 [SpringApplicationShutdownHook] INFO  com.zaxxer.hikari.HikariDataSource - HikariPool-1 - Shutdown completed.
2025-11-21 01:26:19 [SpringApplicationShutdownHook] INFO  c.netflix.discovery.DiscoveryClient - Shutting down DiscoveryClient ...
2025-11-21 01:37:25 [main] INFO  a.b.logistica.LogisticaApplication - Starting LogisticaApplication v0.0.1-SNAPSHOT using Java 21.0.9 with PID 1 (/app.jar started by root in /)
2025-11-21 01:37:25 [main] INFO  a.b.logistica.LogisticaApplication - No active profile set, falling back to 1 default profile: "default"
2025-11-21 01:37:31 [main] INFO  o.s.d.r.c.RepositoryConfigurationDelegate - Bootstrapping Spring Data JPA repositories in DEFAULT mode.
2025-11-21 01:37:32 [main] INFO  o.s.d.r.c.RepositoryConfigurationDelegate - Finished Spring Data repository scanning in 1144 ms. Found 8 JPA repository interfaces.
2025-11-21 01:37:33 [main] INFO  o.s.cloud.context.scope.GenericScope - BeanFactory id=2607686d-9688-3043-8508-967b7d09f508
2025-11-21 01:37:34 [main] WARN  o.s.c.s.PostProcessorRegistrationDelegate$BeanPostProcessorChecker - Bean 'org.springframework.cloud.client.loadbalancer.LoadBalancerAutoConfiguration$DeferringLoadBalancerInterceptorConfig' of type [org.springframework.cloud.client.loadbalancer.LoadBalancerAutoConfiguration$DeferringLoadBalancerInterceptorConfig] is not eligible for getting processed by all BeanPostProcessors (for example: not eligible for auto-proxying). The currently created BeanPostProcessor [lbRestClientPostProcessor] is declared through a non-static factory method on that class; consider declaring it as static instead.
2025-11-21 01:37:34 [main] WARN  o.s.c.s.PostProcessorRegistrationDelegate$BeanPostProcessorChecker - Bean 'deferringLoadBalancerInterceptor' of type [org.springframework.cloud.client.loadbalancer.DeferringLoadBalancerInterceptor] is not eligible for getting processed by all BeanPostProcessors (for example: not eligible for auto-proxying). Is this bean getting eagerly injected/applied to a currently created BeanPostProcessor [lbRestClientPostProcessor]? Check the corresponding BeanPostProcessor declaration and its dependencies/advisors. If this bean does not have to be post-processed, declare it with ROLE_INFRASTRUCTURE.
2025-11-21 01:37:34 [main] WARN  o.s.c.s.PostProcessorRegistrationDelegate$BeanPostProcessorChecker - Bean 'org.springframework.cloud.client.loadbalancer.reactive.LoadBalancerBeanPostProcessorAutoConfiguration' of type [org.springframework.cloud.client.loadbalancer.reactive.LoadBalancerBeanPostProcessorAutoConfiguration] is not eligible for getting processed by all BeanPostProcessors (for example: not eligible for auto-proxying). The currently created BeanPostProcessor [loadBalancerWebClientBuilderBeanPostProcessor] is declared through a non-static factory method on that class; consider declaring it as static instead.
2025-11-21 01:37:34 [main] WARN  o.s.c.s.PostProcessorRegistrationDelegate$BeanPostProcessorChecker - Bean 'org.springframework.cloud.client.loadbalancer.reactive.LoadBalancerBeanPostProcessorAutoConfiguration$ReactorDeferringLoadBalancerFilterConfig' of type [org.springframework.cloud.client.loadbalancer.reactive.LoadBalancerBeanPostProcessorAutoConfiguration$ReactorDeferringLoadBalancerFilterConfig] is not eligible for getting processed by all BeanPostProcessors (for example: not eligible for auto-proxying). Is this bean getting eagerly injected/applied to a currently created BeanPostProcessor [loadBalancerWebClientBuilderBeanPostProcessor]? Check the corresponding BeanPostProcessor declaration and its dependencies/advisors. If this bean does not have to be post-processed, declare it with ROLE_INFRASTRUCTURE.
2025-11-21 01:37:34 [main] WARN  o.s.c.s.PostProcessorRegistrationDelegate$BeanPostProcessorChecker - Bean 'reactorDeferringLoadBalancerExchangeFilterFunction' of type [org.springframework.cloud.client.loadbalancer.reactive.DeferringLoadBalancerExchangeFilterFunction] is not eligible for getting processed by all BeanPostProcessors (for example: not eligible for auto-proxying). Is this bean getting eagerly injected/applied to a currently created BeanPostProcessor [loadBalancerWebClientBuilderBeanPostProcessor]? Check the corresponding BeanPostProcessor declaration and its dependencies/advisors. If this bean does not have to be post-processed, declare it with ROLE_INFRASTRUCTURE.
2025-11-21 01:37:36 [main] INFO  o.s.b.w.e.tomcat.TomcatWebServer - Tomcat initialized with port 8081 (http)
2025-11-21 01:37:36 [main] INFO  o.a.catalina.core.StandardService - Starting service [Tomcat]
2025-11-21 01:37:36 [main] INFO  o.a.catalina.core.StandardEngine - Starting Servlet engine: [Apache Tomcat/10.1.31]
2025-11-21 01:37:36 [main] INFO  o.a.c.c.C.[Tomcat].[localhost].[/] - Initializing Spring embedded WebApplicationContext
2025-11-21 01:37:36 [main] INFO  o.s.b.w.s.c.ServletWebServerApplicationContext - Root WebApplicationContext: initialization completed in 10152 ms
2025-11-21 01:37:37 [main] INFO  o.h.jpa.internal.util.LogHelper - HHH000204: Processing PersistenceUnitInfo [name: default]
2025-11-21 01:37:37 [main] INFO  org.hibernate.Version - HHH000412: Hibernate ORM core version 6.5.3.Final
2025-11-21 01:37:37 [main] INFO  o.h.c.i.RegionFactoryInitiator - HHH000026: Second-level cache disabled
2025-11-21 01:37:38 [main] INFO  o.s.o.j.p.SpringPersistenceUnitInfo - No LoadTimeWeaver setup: ignoring JPA class transformer
2025-11-21 01:37:38 [main] INFO  com.zaxxer.hikari.HikariDataSource - HikariPool-1 - Starting...
2025-11-21 01:37:39 [main] INFO  com.zaxxer.hikari.pool.HikariPool - HikariPool-1 - Added connection org.postgresql.jdbc.PgConnection@10f397d0
2025-11-21 01:37:39 [main] INFO  com.zaxxer.hikari.HikariDataSource - HikariPool-1 - Start completed.
2025-11-21 01:37:39 [main] WARN  org.hibernate.orm.deprecation - HHH90000025: PostgreSQLDialect does not need to be specified explicitly using 'hibernate.dialect' (remove the property setting and it will be selected by default)
2025-11-21 01:37:41 [main] INFO  o.h.e.t.j.p.i.JtaPlatformInitiator - HHH000489: No JTA platform available (set 'hibernate.transaction.jta.platform' to enable JTA platform integration)
2025-11-21 01:37:42 [main] INFO  o.s.o.j.LocalContainerEntityManagerFactoryBean - Initialized JPA EntityManagerFactory for persistence unit 'default'
2025-11-21 01:37:45 [main] WARN  o.s.b.a.o.j.JpaBaseConfiguration$JpaWebConfiguration - spring.jpa.open-in-view is enabled by default. Therefore, database queries may be performed during view rendering. Explicitly configure spring.jpa.open-in-view to disable this warning
2025-11-21 01:37:48 [main] INFO  o.s.c.n.e.c.DiscoveryClientOptionalArgsConfiguration - Eureka HTTP Client uses RestTemplate.
2025-11-21 01:37:48 [main] WARN  o.s.c.l.c.LoadBalancerCacheAutoConfiguration$LoadBalancerCaffeineWarnLogger - Spring Cloud LoadBalancer is currently working with the default cache. While this cache implementation is useful for development and tests, it's recommended to use Caffeine cache in production.You can switch to using Caffeine cache, by adding it and org.springframework.cache.caffeine.CaffeineCacheManager to the classpath.
2025-11-21 01:37:48 [main] INFO  o.s.c.n.eureka.InstanceInfoFactory - Setting initial instance status as: STARTING
2025-11-21 01:37:48 [main] INFO  c.netflix.discovery.DiscoveryClient - Initializing Eureka in region us-east-1
2025-11-21 01:37:48 [main] INFO  c.n.d.s.r.aws.ConfigClusterResolver - Resolving eureka endpoints via configuration
2025-11-21 01:37:49 [main] INFO  c.netflix.discovery.DiscoveryClient - Disable delta property : false
2025-11-21 01:37:49 [main] INFO  c.netflix.discovery.DiscoveryClient - Single vip registry refresh property : null
2025-11-21 01:37:49 [main] INFO  c.netflix.discovery.DiscoveryClient - Force full registry fetch : false
2025-11-21 01:37:49 [main] INFO  c.netflix.discovery.DiscoveryClient - Application is null : false
2025-11-21 01:37:49 [main] INFO  c.netflix.discovery.DiscoveryClient - Registered Applications size is zero : true
2025-11-21 01:37:49 [main] INFO  c.netflix.discovery.DiscoveryClient - Application version is -1: true
2025-11-21 01:37:49 [main] INFO  c.netflix.discovery.DiscoveryClient - Getting all instance registry info from the eureka server
2025-11-21 01:37:50 [main] INFO  c.netflix.discovery.DiscoveryClient - The response status is 200
2025-11-21 01:37:50 [main] INFO  c.netflix.discovery.DiscoveryClient - Starting heartbeat executor: renew interval is: 30
2025-11-21 01:37:50 [main] INFO  c.n.discovery.InstanceInfoReplicator - InstanceInfoReplicator onDemand update allowed rate per min is 4
2025-11-21 01:37:50 [main] INFO  c.netflix.discovery.DiscoveryClient - Discovery Client initialized at timestamp 1763689070207 with initial instances count: 0
2025-11-21 01:37:50 [main] INFO  o.s.c.n.e.s.EurekaServiceRegistry - Registering application LOGISTICA with eureka with status UP
2025-11-21 01:37:50 [main] INFO  c.netflix.discovery.DiscoveryClient - Saw local status change event StatusChangeEvent [timestamp=1763689070238, current=UP, previous=STARTING]
2025-11-21 01:37:50 [DiscoveryClient-InstanceInfoReplicator-%d] INFO  c.netflix.discovery.DiscoveryClient - DiscoveryClient_LOGISTICA/logistica:8081: registering service...
2025-11-21 01:37:50 [main] INFO  o.s.b.w.e.tomcat.TomcatWebServer - Tomcat started on port 8081 (http) with context path '/'
2025-11-21 01:37:50 [main] INFO  o.s.c.n.e.s.EurekaAutoServiceRegistration - Updating port to 8081
2025-11-21 01:37:50 [main] INFO  a.b.logistica.LogisticaApplication - Started LogisticaApplication in 27.372 seconds (process running for 30.451)
2025-11-21 01:37:50 [DiscoveryClient-InstanceInfoReplicator-%d] INFO  c.netflix.discovery.DiscoveryClient - DiscoveryClient_LOGISTICA/logistica:8081 - registration status: 204
2025-11-21 01:38:20 [DiscoveryClient-CacheRefreshExecutor-%d] INFO  c.netflix.discovery.DiscoveryClient - Disable delta property : false
2025-11-21 01:38:20 [DiscoveryClient-CacheRefreshExecutor-%d] INFO  c.netflix.discovery.DiscoveryClient - Single vip registry refresh property : null
2025-11-21 01:38:20 [DiscoveryClient-CacheRefreshExecutor-%d] INFO  c.netflix.discovery.DiscoveryClient - Force full registry fetch : false
2025-11-21 01:38:20 [DiscoveryClient-CacheRefreshExecutor-%d] INFO  c.netflix.discovery.DiscoveryClient - Application is null : false
2025-11-21 01:38:20 [DiscoveryClient-CacheRefreshExecutor-%d] INFO  c.netflix.discovery.DiscoveryClient - Registered Applications size is zero : true
2025-11-21 01:38:20 [DiscoveryClient-CacheRefreshExecutor-%d] INFO  c.netflix.discovery.DiscoveryClient - Application version is -1: false
2025-11-21 01:38:20 [DiscoveryClient-CacheRefreshExecutor-%d] INFO  c.netflix.discovery.DiscoveryClient - Getting all instance registry info from the eureka server
2025-11-21 01:38:20 [DiscoveryClient-CacheRefreshExecutor-%d] INFO  c.netflix.discovery.DiscoveryClient - The response status is 200
2025-11-21 01:39:20 [http-nio-8081-exec-1] INFO  o.a.c.c.C.[Tomcat].[localhost].[/] - Initializing Spring DispatcherServlet 'dispatcherServlet'
2025-11-21 01:39:20 [http-nio-8081-exec-1] INFO  o.s.web.servlet.DispatcherServlet - Initializing Servlet 'dispatcherServlet'
2025-11-21 01:39:20 [http-nio-8081-exec-1] INFO  o.s.web.servlet.DispatcherServlet - Completed initialization in 3 ms
2025-11-21 01:39:20 [http-nio-8081-exec-1] INFO  a.b.l.c.ContenedorController - [LOGISTICA] [CREAR_CONTENEDOR] Solicitud recibida. Procesando alta de nuevo contenedor.
2025-11-21 01:39:20 [http-nio-8081-exec-1] INFO  a.b.l.service.ContenedorService - [SERVICIO] [CREAR_CONTENEDOR] Procesando alta. Peso: 10.0, Volumen: 10.0
2025-11-21 01:39:20 [http-nio-8081-exec-1] INFO  a.b.l.service.ContenedorService - [SERVICIO] [CREAR_CONTENEDOR] Guardado exitoso. ID Generado: 1
2025-11-21 01:39:20 [http-nio-8081-exec-1] INFO  a.b.l.c.ContenedorController - [LOGISTICA] [CREAR_CONTENEDOR] Contenedor registrado con ID: 1
2025-11-21 01:39:21 [http-nio-8081-exec-2] INFO  a.b.l.controller.SolicitudController - [LOGISTICA] [SOLICITUD] Recibida petición de creación. Cliente: 7franciscogonzalez@gmail.com
2025-11-21 01:39:21 [http-nio-8081-exec-2] INFO  a.b.l.service.SolicitudService - [SERVICIO] [CREAR_SOLICITUD] Procesando nueva solicitud. Cliente Email: 7franciscogonzalez@gmail.com
2025-11-21 01:39:21 [http-nio-8081-exec-2] INFO  a.b.l.service.SolicitudService - [SERVICIO] [CREAR_SOLICITUD] Cliente nuevo detectado. Registrando: Francisco Gonzalez
2025-11-21 01:39:21 [http-nio-8081-exec-2] INFO  a.b.l.service.SolicitudService - [SERVICIO] [CREAR_SOLICITUD] Solicitud guardada exitosamente. ID: 1
2025-11-21 01:39:21 [http-nio-8081-exec-2] INFO  a.b.l.controller.SolicitudController - [LOGISTICA] [SOLICITUD] Solicitud creada con ID: 1
2025-11-21 01:39:23 [http-nio-8081-exec-3] INFO  a.b.l.c.ContenedorController - [LOGISTICA] [TRACKING] Consultando estado para ContenedorID: 1
2025-11-21 01:39:23 [http-nio-8081-exec-3] INFO  a.b.l.c.ContenedorController - [LOGISTICA] [TRACKING] Estado actual: EN_ORIGEN
2025-11-21 01:39:23 [http-nio-8081-exec-4] INFO  a.b.l.controller.SolicitudController - [LOGISTICA] [RUTA_TENTATIVA] Generando ruta para SolicitudID: 1
2025-11-21 01:39:23 [http-nio-8081-exec-4] INFO  a.b.l.service.SolicitudService - [SERVICIO] [RUTA_TENTATIVA] Calculando ruta para SolicitudID: 1
2025-11-21 01:39:24 [http-nio-8081-exec-4] INFO  a.b.l.service.SolicitudService - [SERVICIO] [RUTA_TENTATIVA] Tramos procesados. Distancia Total: 26.42 km. Tiempo Total: 40.05 min.
2025-11-21 01:39:24 [http-nio-8081-exec-4] INFO  a.b.l.service.SolicitudService - [SERVICIO] [CAMION_CLIENT] Buscando camiones aptos. Volumen: 10.0, Peso: 10.0
2025-11-21 01:39:24 [http-nio-8081-exec-4] INFO  a.b.l.service.SolicitudService - [SERVICIO] [COSTOS] Calculo finalizado. BaseContenedor: 1321.21, Combustible: 1321.21, BaseCamiones: 3170.90, Gestion: 200.00. TOTAL: 6013.32
2025-11-21 01:39:24 [http-nio-8081-exec-4] INFO  a.b.l.controller.SolicitudController - [LOGISTICA] [RUTA_TENTATIVA] Ruta generada. Costo Estimado: 6013.3240000000005
2025-11-21 01:39:25 [http-nio-8081-exec-5] INFO  a.b.l.controller.DepositoController - [LOGISTICA] [CREAR_DEPOSITO] Recibida solicitud de alta.
2025-11-21 01:39:25 [http-nio-8081-exec-5] INFO  a.b.l.service.DepositoService - [SERVICIO] [CREAR_DEPOSITO] Procesando alta. Nombre: Deposito UTN, Costo Diario: 20.0
2025-11-21 01:39:25 [http-nio-8081-exec-5] INFO  a.b.l.service.DepositoService - [SERVICIO] [CREAR_DEPOSITO] Guardado exitoso. ID Generado: 1
2025-11-21 01:39:25 [http-nio-8081-exec-5] INFO  a.b.l.controller.DepositoController - [LOGISTICA] [CREAR_DEPOSITO] Depósito creado exitosamente con ID: 1
2025-11-21 01:39:25 [http-nio-8081-exec-6] INFO  a.b.l.controller.SolicitudController - [LOGISTICA] [LISTAR_RUTAS] Solicitando rutas para SolicitudID: 1
2025-11-21 01:39:25 [http-nio-8081-exec-6] INFO  a.b.l.service.SolicitudService - [SERVICIO] [LISTAR_RUTAS] Consultando rutas para SolicitudID: 1
2025-11-21 01:39:25 [http-nio-8081-exec-6] INFO  a.b.l.controller.SolicitudController - [LOGISTICA] [LISTAR_RUTAS] Respuesta enviada.
2025-11-21 01:39:25 [http-nio-8081-exec-7] INFO  a.b.l.controller.SolicitudController - [LOGISTICA] [ASIGNAR_RUTA] Recibida petición de asignación. SolicitudID: 1
2025-11-21 01:39:25 [http-nio-8081-exec-7] INFO  a.b.l.service.SolicitudService - [SERVICIO] [ASIGNAR_RUTA] Procesando asignación. SolicitudID: 1, RutaID: 1
2025-11-21 01:39:25 [http-nio-8081-exec-7] INFO  a.b.l.service.SolicitudService - [SERVICIO] [ASIGNAR_RUTA] Ruta asignada con éxito. Estado actualizado a PROGRAMADA.
2025-11-21 01:39:25 [http-nio-8081-exec-7] INFO  a.b.l.controller.SolicitudController - [LOGISTICA] [ASIGNAR_RUTA] Ruta asignada. Estado actual: PROGRAMADA
2025-11-21 01:39:25 [http-nio-8081-exec-8] INFO  a.b.l.c.ContenedorController - [LOGISTICA] [PENDIENTES] Consultando contenedores. Filtro estado: TODOS
2025-11-21 01:39:25 [http-nio-8081-exec-8] INFO  a.b.l.service.ContenedorService - [SERVICIO] [PENDIENTES] Consultando listado. Filtro aplicado: NINGUNO (Todos los no entregados)
2025-11-21 01:39:25 [http-nio-8081-exec-8] INFO  a.b.l.service.ContenedorService - [SERVICIO] [PENDIENTES] Resultados encontrados: 1
2025-11-21 01:39:25 [http-nio-8081-exec-8] INFO  a.b.l.c.ContenedorController - [LOGISTICA] [PENDIENTES] Se encontraron 1 contenedores.
2025-11-21 01:39:25 [http-nio-8081-exec-9] INFO  a.b.l.controller.TramoController - [LOGISTICA] [ASIGNAR_CAMION] Vinculando Patente: ABC-123 al TramoID: 1
2025-11-21 01:39:25 [http-nio-8081-exec-9] INFO  a.b.logistica.service.TramoService - [SERVICIO] [ASIGNAR_CAMION] TramoID: 1, Patente: ABC-123
2025-11-21 01:39:25 [http-nio-8081-exec-9] INFO  a.b.logistica.service.TramoService - [SERVICIO] [CLIENT_FLOTA] Cambiando estado de Camión ABC-123 a NO_DISPONIBLE
2025-11-21 01:39:25 [http-nio-8081-exec-9] INFO  a.b.logistica.service.TramoService - [SERVICIO] [ASIGNAR_CAMION] Asignación exitosa.
2025-11-21 01:39:25 [http-nio-8081-exec-9] INFO  a.b.l.controller.TramoController - [LOGISTICA] [ASIGNAR_CAMION] Camión asignado correctamente.
2025-11-21 01:39:26 [http-nio-8081-exec-10] INFO  a.b.l.controller.TramoController - [LOGISTICA] [ASIGNAR_CAMION] Vinculando Patente: ABC-124 al TramoID: 2
2025-11-21 01:39:26 [http-nio-8081-exec-10] INFO  a.b.logistica.service.TramoService - [SERVICIO] [ASIGNAR_CAMION] TramoID: 2, Patente: ABC-124
2025-11-21 01:39:26 [http-nio-8081-exec-10] INFO  a.b.logistica.service.TramoService - [SERVICIO] [CLIENT_FLOTA] Cambiando estado de Camión ABC-124 a NO_DISPONIBLE
2025-11-21 01:39:26 [http-nio-8081-exec-10] INFO  a.b.logistica.service.TramoService - [SERVICIO] [ASIGNAR_CAMION] Asignación exitosa.
2025-11-21 01:39:26 [http-nio-8081-exec-10] INFO  a.b.l.controller.TramoController - [LOGISTICA] [ASIGNAR_CAMION] Camión asignado correctamente.
2025-11-21 01:39:26 [http-nio-8081-exec-1] INFO  a.b.l.controller.TramoController - [LOGISTICA] [ASIGNAR_CHOFER] Vinculando ChoferID: 1 al TramoID: 1
2025-11-21 01:39:26 [http-nio-8081-exec-1] INFO  a.b.logistica.service.TramoService - [SERVICIO] [ASIGNAR_CHOFER] TramoID: 1, ChoferID: 1
2025-11-21 01:39:26 [http-nio-8081-exec-1] INFO  a.b.logistica.service.TramoService - [SERVICIO] [CLIENT_FLOTA] Solicitando asignación en microservicio Flota.
2025-11-21 01:39:26 [http-nio-8081-exec-1] INFO  a.b.logistica.service.TramoService - [SERVICIO] [ASIGNAR_CHOFER] Asignación exitosa.
2025-11-21 01:39:26 [http-nio-8081-exec-1] INFO  a.b.l.controller.TramoController - [LOGISTICA] [ASIGNAR_CHOFER] Chofer asignado correctamente.
2025-11-21 01:39:26 [http-nio-8081-exec-2] INFO  a.b.l.controller.TramoController - [LOGISTICA] [ASIGNAR_CHOFER] Vinculando ChoferID: 2 al TramoID: 2
2025-11-21 01:39:26 [http-nio-8081-exec-2] INFO  a.b.logistica.service.TramoService - [SERVICIO] [ASIGNAR_CHOFER] TramoID: 2, ChoferID: 2
2025-11-21 01:39:26 [http-nio-8081-exec-2] INFO  a.b.logistica.service.TramoService - [SERVICIO] [CLIENT_FLOTA] Solicitando asignación en microservicio Flota.
2025-11-21 01:39:26 [http-nio-8081-exec-2] INFO  a.b.logistica.service.TramoService - [SERVICIO] [ASIGNAR_CHOFER] Asignación exitosa.
2025-11-21 01:39:26 [http-nio-8081-exec-2] INFO  a.b.l.controller.TramoController - [LOGISTICA] [ASIGNAR_CHOFER] Chofer asignado correctamente.
2025-11-21 01:39:27 [http-nio-8081-exec-3] INFO  a.b.l.controller.TramoController - [LOGISTICA] [CONSULTA_ASIGNADOS] Consultando estado de 1 tramos.
2025-11-21 01:39:28 [http-nio-8081-exec-4] INFO  a.b.l.controller.TramoController - [LOGISTICA] [TRAMO_INICIO] Reporte de inicio recibido. TramoID: 1
2025-11-21 01:39:28 [http-nio-8081-exec-4] INFO  a.b.logistica.service.TramoService - [SERVICIO] [INICIAR_TRAMO] Procesando inicio para TramoID: 1
2025-11-21 01:39:28 [http-nio-8081-exec-4] INFO  a.b.logistica.service.TramoService - [SERVICIO] [INICIAR_TRAMO] Actualizando estados. SolicitudID: 1, ContenedorID: 1 -> EN_TRANSITO
2025-11-21 01:39:28 [http-nio-8081-exec-4] INFO  a.b.logistica.service.TramoService - [SERVICIO] [INICIAR_TRAMO] Inicio registrado correctamente a las: 2025-11-21T01:39:28.113009658
2025-11-21 01:39:28 [http-nio-8081-exec-4] INFO  a.b.l.controller.TramoController - [LOGISTICA] [TRAMO_INICIO] Tramo iniciado exitosamente. Fecha Real: 2025-11-21T01:39:28.113009658
2025-11-21 01:39:28 [http-nio-8081-exec-5] INFO  a.b.l.controller.TramoController - [LOGISTICA] [TRAMO_FIN] Reporte de fin recibido. TramoID: 1
2025-11-21 01:39:28 [http-nio-8081-exec-5] INFO  a.b.logistica.service.TramoService - [SERVICIO] [FINALIZAR_TRAMO] Procesando fin para TramoID: 1
2025-11-21 01:39:28 [http-nio-8081-exec-5] INFO  a.b.logistica.service.TramoService - [SERVICIO] [FINALIZAR_TRAMO] Tramo intermedio. Ingresando contenedor a DEPÓSITO.
2025-11-21 01:39:28 [http-nio-8081-exec-5] INFO  a.b.logistica.service.TramoService - [SERVICIO] [CLIENT_FLOTA] Liberando recursos: Camión ABC-123 y TransportistaID 1.
2025-11-21 01:39:28 [http-nio-8081-exec-5] INFO  a.b.l.controller.TramoController - [LOGISTICA] [TRAMO_FIN] Tramo finalizado exitosamente. Fecha Real: 2025-11-21T01:39:28.304384935
2025-11-21 01:39:28 [http-nio-8081-exec-6] INFO  a.b.l.controller.DepositoController - [LOGISTICA] [STOCK_DEPOSITO] Consultando stock para DepositoID: 1
2025-11-21 01:39:28 [http-nio-8081-exec-6] INFO  a.b.l.service.DepositoService - [SERVICIO] [STOCK_DEPOSITO] Verificando inventario para DepositoID: 1
2025-11-21 01:39:28 [http-nio-8081-exec-6] INFO  a.b.l.service.DepositoService - [SERVICIO] [STOCK_DEPOSITO] Stock encontrado: 1 contenedores.
2025-11-21 01:39:28 [http-nio-8081-exec-6] INFO  a.b.l.controller.DepositoController - [LOGISTICA] [STOCK_DEPOSITO] Consulta finalizada. Total contenedores: 1
2025-11-21 01:39:28 [http-nio-8081-exec-7] INFO  a.b.l.controller.TramoController - [LOGISTICA] [TRAMO_INICIO] Reporte de inicio recibido. TramoID: 2
2025-11-21 01:39:28 [http-nio-8081-exec-7] INFO  a.b.logistica.service.TramoService - [SERVICIO] [INICIAR_TRAMO] Procesando inicio para TramoID: 2
2025-11-21 01:39:28 [http-nio-8081-exec-7] INFO  a.b.logistica.service.TramoService - [SERVICIO] [INICIAR_TRAMO] Actualizando estados. SolicitudID: 1, ContenedorID: 1 -> EN_TRANSITO
2025-11-21 01:39:28 [http-nio-8081-exec-7] INFO  a.b.logistica.service.TramoService - [SERVICIO] [INICIAR_TRAMO] Salida de depósito detectada. Removiendo contenedor del inventario.
2025-11-21 01:39:28 [http-nio-8081-exec-7] INFO  a.b.logistica.service.TramoService - [SERVICIO] [INICIAR_TRAMO] Inicio registrado correctamente a las: 2025-11-21T01:39:28.708555361
2025-11-21 01:39:28 [http-nio-8081-exec-7] INFO  a.b.l.controller.TramoController - [LOGISTICA] [TRAMO_INICIO] Tramo iniciado exitosamente. Fecha Real: 2025-11-21T01:39:28.708555361
2025-11-21 01:39:28 [http-nio-8081-exec-8] INFO  a.b.l.controller.TramoController - [LOGISTICA] [TRAMO_FIN] Reporte de fin recibido. TramoID: 2
2025-11-21 01:39:28 [http-nio-8081-exec-8] INFO  a.b.logistica.service.TramoService - [SERVICIO] [FINALIZAR_TRAMO] Procesando fin para TramoID: 2
2025-11-21 01:39:28 [http-nio-8081-exec-8] INFO  a.b.logistica.service.TramoService - [SERVICIO] [FINALIZAR_TRAMO] Es el último tramo. Solicitud ENTREGADA.
2025-11-21 01:39:28 [http-nio-8081-exec-8] INFO  a.b.logistica.service.TramoService - [SERVICIO] [CALCULAR_COSTO] Iniciando cálculo final para SolicitudID: 1
2025-11-21 01:39:28 [http-nio-8081-exec-8] INFO  a.b.logistica.service.TramoService - [SERVICIO] [CALCULAR_COSTO] Desglose -> BaseContenedor: 1321.21, Combustible: 1321.21, BaseCamion: 3170.90, Depositos: 0.00, Gestion: 200.00. TOTAL: 6013.32
2025-11-21 01:39:28 [http-nio-8081-exec-8] INFO  a.b.logistica.service.TramoService - [SERVICIO] [COSTO_FINAL] Costo total calculado: $6013.3240000000005
2025-11-21 01:39:28 [http-nio-8081-exec-8] INFO  a.b.logistica.service.TramoService - [SERVICIO] [CLIENT_FLOTA] Liberando recursos: Camión ABC-124 y TransportistaID 2.
2025-11-21 01:39:29 [http-nio-8081-exec-8] INFO  a.b.l.controller.TramoController - [LOGISTICA] [TRAMO_FIN] Tramo finalizado exitosamente. Fecha Real: 2025-11-21T01:39:28.901378152
2025-11-21 01:40:17 [SpringApplicationShutdownHook] INFO  o.s.c.n.e.s.EurekaServiceRegistry - Unregistering application LOGISTICA with eureka with status DOWN
2025-11-21 01:40:17 [SpringApplicationShutdownHook] INFO  c.netflix.discovery.DiscoveryClient - Saw local status change event StatusChangeEvent [timestamp=1763689217720, current=DOWN, previous=UP]
2025-11-21 01:40:17 [DiscoveryClient-InstanceInfoReplicator-%d] INFO  c.netflix.discovery.DiscoveryClient - DiscoveryClient_LOGISTICA/logistica:8081: registering service...
2025-11-21 01:40:17 [DiscoveryClient-InstanceInfoReplicator-%d] INFO  c.n.d.s.t.d.RedirectingEurekaHttpClient - Request execution error. endpoint=DefaultEndpoint{ serviceUrl='http://eureka-server:8761/eureka/} exception=I/O error on POST request for "http://eureka-server:8761/eureka/apps/LOGISTICA": Connect to http://eureka-server:8761 [eureka-server/172.18.0.5] failed: Connection refused stacktrace=org.springframework.web.client.ResourceAccessException: I/O error on POST request for "http://eureka-server:8761/eureka/apps/LOGISTICA": Connect to http://eureka-server:8761 [eureka-server/172.18.0.5] failed: Connection refused
	at org.springframework.web.client.RestTemplate.createResourceAccessException(RestTemplate.java:915)
	at org.springframework.web.client.RestTemplate.doExecute(RestTemplate.java:895)
	at org.springframework.web.client.RestTemplate.execute(RestTemplate.java:790)
	at org.springframework.web.client.RestTemplate.exchange(RestTemplate.java:672)
	at org.springframework.cloud.netflix.eureka.http.RestTemplateEurekaHttpClient.register(RestTemplateEurekaHttpClient.java:77)
	at com.netflix.discovery.shared.transport.decorator.EurekaHttpClientDecorator$1.execute(EurekaHttpClientDecorator.java:59)
	at com.netflix.discovery.shared.transport.decorator.RedirectingEurekaHttpClient.execute(RedirectingEurekaHttpClient.java:91)
	at com.netflix.discovery.shared.transport.decorator.EurekaHttpClientDecorator.register(EurekaHttpClientDecorator.java:56)
	at com.netflix.discovery.shared.transport.decorator.EurekaHttpClientDecorator$1.execute(EurekaHttpClientDecorator.java:59)
	at com.netflix.discovery.shared.transport.decorator.RetryableEurekaHttpClient.execute(RetryableEurekaHttpClient.java:120)
	at com.netflix.discovery.shared.transport.decorator.EurekaHttpClientDecorator.register(EurekaHttpClientDecorator.java:56)
	at com.netflix.discovery.shared.transport.decorator.EurekaHttpClientDecorator$1.execute(EurekaHttpClientDecorator.java:59)
	at com.netflix.discovery.shared.transport.decorator.SessionedEurekaHttpClient.execute(SessionedEurekaHttpClient.java:76)
	at com.netflix.discovery.shared.transport.decorator.EurekaHttpClientDecorator.register(EurekaHttpClientDecorator.java:56)
	at com.netflix.discovery.DiscoveryClient.register(DiscoveryClient.java:828)
	at com.netflix.discovery.InstanceInfoReplicator.run(InstanceInfoReplicator.java:125)
	at com.netflix.discovery.InstanceInfoReplicator$2.run(InstanceInfoReplicator.java:105)
	at java.base/java.util.concurrent.Executors$RunnableAdapter.call(Executors.java:572)
	at java.base/java.util.concurrent.FutureTask.run(FutureTask.java:317)
	at java.base/java.util.concurrent.ScheduledThreadPoolExecutor$ScheduledFutureTask.run(ScheduledThreadPoolExecutor.java:304)
	at java.base/java.util.concurrent.ThreadPoolExecutor.runWorker(ThreadPoolExecutor.java:1144)
	at java.base/java.util.concurrent.ThreadPoolExecutor$Worker.run(ThreadPoolExecutor.java:642)
	at java.base/java.lang.Thread.run(Thread.java:1583)
Caused by: org.apache.hc.client5.http.HttpHostConnectException: Connect to http://eureka-server:8761 [eureka-server/172.18.0.5] failed: Connection refused
	at java.base/sun.nio.ch.Net.pollConnect(Native Method)
	at java.base/sun.nio.ch.Net.pollConnectNow(Net.java:682)
	at java.base/sun.nio.ch.NioSocketImpl.timedFinishConnect(NioSocketImpl.java:542)
	at java.base/sun.nio.ch.NioSocketImpl.connect(NioSocketImpl.java:592)
	at java.base/java.net.SocksSocketImpl.connect(SocksSocketImpl.java:327)
	at java.base/java.net.Socket.connect(Socket.java:751)
	at org.apache.hc.client5.http.socket.PlainConnectionSocketFactory.lambda$connectSocket$0(PlainConnectionSocketFactory.java:91)
	at java.base/java.security.AccessController.doPrivileged(AccessController.java:571)
	at org.apache.hc.client5.http.socket.PlainConnectionSocketFactory.connectSocket(PlainConnectionSocketFactory.java:90)
	at org.apache.hc.client5.http.socket.ConnectionSocketFactory.connectSocket(ConnectionSocketFactory.java:123)
	at org.apache.hc.client5.http.impl.io.DefaultHttpClientConnectionOperator.connect(DefaultHttpClientConnectionOperator.java:189)
	at org.apache.hc.client5.http.impl.io.PoolingHttpClientConnectionManager.connect(PoolingHttpClientConnectionManager.java:450)
	at org.apache.hc.client5.http.impl.classic.InternalExecRuntime.connectEndpoint(InternalExecRuntime.java:162)
	at org.apache.hc.client5.http.impl.classic.InternalExecRuntime.connectEndpoint(InternalExecRuntime.java:172)
	at org.apache.hc.client5.http.impl.classic.ConnectExec.execute(ConnectExec.java:142)
	at org.apache.hc.client5.http.impl.classic.ExecChainElement.execute(ExecChainElement.java:51)
	at org.apache.hc.client5.http.impl.classic.ProtocolExec.execute(ProtocolExec.java:192)
	at org.apache.hc.client5.http.impl.classic.ExecChainElement.execute(ExecChainElement.java:51)
	at org.apache.hc.client5.http.impl.classic.HttpRequestRetryExec.execute(HttpRequestRetryExec.java:113)
	at org.apache.hc.client5.http.impl.classic.ExecChainElement.execute(ExecChainElement.java:51)
	at org.apache.hc.client5.http.impl.classic.ContentCompressionExec.execute(ContentCompressionExec.java:152)
	at org.apache.hc.client5.http.impl.classic.ExecChainElement.execute(ExecChainElement.java:51)
	at org.apache.hc.client5.http.impl.classic.RedirectExec.execute(RedirectExec.java:116)
	at org.apache.hc.client5.http.impl.classic.ExecChainElement.execute(ExecChainElement.java:51)
	at org.apache.hc.client5.http.impl.classic.InternalHttpClient.doExecute(InternalHttpClient.java:170)
	at org.apache.hc.client5.http.impl.classic.CloseableHttpClient.execute(CloseableHttpClient.java:87)
	at org.apache.hc.client5.http.impl.classic.CloseableHttpClient.execute(CloseableHttpClient.java:55)
	at org.apache.hc.client5.http.classic.HttpClient.executeOpen(HttpClient.java:183)
	at org.springframework.http.client.HttpComponentsClientHttpRequest.executeInternal(HttpComponentsClientHttpRequest.java:99)
	at org.springframework.http.client.AbstractStreamingClientHttpRequest.executeInternal(AbstractStreamingClientHttpRequest.java:70)
	at org.springframework.http.client.AbstractClientHttpRequest.execute(AbstractClientHttpRequest.java:66)
	at org.springframework.http.client.InterceptingClientHttpRequest$InterceptingRequestExecution.execute(InterceptingClientHttpRequest.java:112)
	at org.springframework.cloud.netflix.eureka.http.RestTemplateTransportClientFactory.lambda$restTemplate$3(RestTemplateTransportClientFactory.java:170)
	at org.springframework.http.client.InterceptingClientHttpRequest$InterceptingRequestExecution.execute(InterceptingClientHttpRequest.java:88)
	at org.springframework.http.client.InterceptingClientHttpRequest.executeInternal(InterceptingClientHttpRequest.java:72)
	at org.springframework.http.client.AbstractBufferingClientHttpRequest.executeInternal(AbstractBufferingClientHttpRequest.java:48)
	at org.springframework.http.client.AbstractClientHttpRequest.execute(AbstractClientHttpRequest.java:66)
	at org.springframework.web.client.RestTemplate.doExecute(RestTemplate.java:889)
	... 21 more

2025-11-21 01:40:17 [DiscoveryClient-InstanceInfoReplicator-%d] WARN  c.n.d.s.t.d.RetryableEurekaHttpClient - Request execution failed with message: I/O error on POST request for "http://eureka-server:8761/eureka/apps/LOGISTICA": Connect to http://eureka-server:8761 [eureka-server/172.18.0.5] failed: Connection refused
2025-11-21 01:40:17 [DiscoveryClient-InstanceInfoReplicator-%d] INFO  c.n.d.s.t.d.RedirectingEurekaHttpClient - Request execution error. endpoint=DefaultEndpoint{ serviceUrl='http://eureka-server:8761/eureka/}, exception=I/O error on POST request for "http://eureka-server:8761/eureka/apps/LOGISTICA": Connect to http://eureka-server:8761 [eureka-server/172.18.0.5] failed: Connection refused stacktrace=org.springframework.web.client.ResourceAccessException: I/O error on POST request for "http://eureka-server:8761/eureka/apps/LOGISTICA": Connect to http://eureka-server:8761 [eureka-server/172.18.0.5] failed: Connection refused
	at org.springframework.web.client.RestTemplate.createResourceAccessException(RestTemplate.java:915)
	at org.springframework.web.client.RestTemplate.doExecute(RestTemplate.java:895)
	at org.springframework.web.client.RestTemplate.execute(RestTemplate.java:790)
	at org.springframework.web.client.RestTemplate.exchange(RestTemplate.java:672)
	at org.springframework.cloud.netflix.eureka.http.RestTemplateEurekaHttpClient.register(RestTemplateEurekaHttpClient.java:77)
	at com.netflix.discovery.shared.transport.decorator.EurekaHttpClientDecorator$1.execute(EurekaHttpClientDecorator.java:59)
	at com.netflix.discovery.shared.transport.decorator.RedirectingEurekaHttpClient.executeOnNewServer(RedirectingEurekaHttpClient.java:121)
	at com.netflix.discovery.shared.transport.decorator.RedirectingEurekaHttpClient.execute(RedirectingEurekaHttpClient.java:80)
	at com.netflix.discovery.shared.transport.decorator.EurekaHttpClientDecorator.register(EurekaHttpClientDecorator.java:56)
	at com.netflix.discovery.shared.transport.decorator.EurekaHttpClientDecorator$1.execute(EurekaHttpClientDecorator.java:59)
	at com.netflix.discovery.shared.transport.decorator.RetryableEurekaHttpClient.execute(RetryableEurekaHttpClient.java:120)
	at com.netflix.discovery.shared.transport.decorator.EurekaHttpClientDecorator.register(EurekaHttpClientDecorator.java:56)
	at com.netflix.discovery.shared.transport.decorator.EurekaHttpClientDecorator$1.execute(EurekaHttpClientDecorator.java:59)
	at com.netflix.discovery.shared.transport.decorator.SessionedEurekaHttpClient.execute(SessionedEurekaHttpClient.java:76)
	at com.netflix.discovery.shared.transport.decorator.EurekaHttpClientDecorator.register(EurekaHttpClientDecorator.java:56)
	at com.netflix.discovery.DiscoveryClient.register(DiscoveryClient.java:828)
	at com.netflix.discovery.InstanceInfoReplicator.run(InstanceInfoReplicator.java:125)
	at com.netflix.discovery.InstanceInfoReplicator$2.run(InstanceInfoReplicator.java:105)
	at java.base/java.util.concurrent.Executors$RunnableAdapter.call(Executors.java:572)
	at java.base/java.util.concurrent.FutureTask.run(FutureTask.java:317)
	at java.base/java.util.concurrent.ScheduledThreadPoolExecutor$ScheduledFutureTask.run(ScheduledThreadPoolExecutor.java:304)
	at java.base/java.util.concurrent.ThreadPoolExecutor.runWorker(ThreadPoolExecutor.java:1144)
	at java.base/java.util.concurrent.ThreadPoolExecutor$Worker.run(ThreadPoolExecutor.java:642)
	at java.base/java.lang.Thread.run(Thread.java:1583)
Caused by: org.apache.hc.client5.http.HttpHostConnectException: Connect to http://eureka-server:8761 [eureka-server/172.18.0.5] failed: Connection refused
	at java.base/sun.nio.ch.Net.pollConnect(Native Method)
	at java.base/sun.nio.ch.Net.pollConnectNow(Net.java:682)
	at java.base/sun.nio.ch.NioSocketImpl.timedFinishConnect(NioSocketImpl.java:542)
	at java.base/sun.nio.ch.NioSocketImpl.connect(NioSocketImpl.java:592)
	at java.base/java.net.SocksSocketImpl.connect(SocksSocketImpl.java:327)
	at java.base/java.net.Socket.connect(Socket.java:751)
	at org.apache.hc.client5.http.socket.PlainConnectionSocketFactory.lambda$connectSocket$0(PlainConnectionSocketFactory.java:91)
	at java.base/java.security.AccessController.doPrivileged(AccessController.java:571)
	at org.apache.hc.client5.http.socket.PlainConnectionSocketFactory.connectSocket(PlainConnectionSocketFactory.java:90)
	at org.apache.hc.client5.http.socket.ConnectionSocketFactory.connectSocket(ConnectionSocketFactory.java:123)
	at org.apache.hc.client5.http.impl.io.DefaultHttpClientConnectionOperator.connect(DefaultHttpClientConnectionOperator.java:189)
	at org.apache.hc.client5.http.impl.io.PoolingHttpClientConnectionManager.connect(PoolingHttpClientConnectionManager.java:450)
	at org.apache.hc.client5.http.impl.classic.InternalExecRuntime.connectEndpoint(InternalExecRuntime.java:162)
	at org.apache.hc.client5.http.impl.classic.InternalExecRuntime.connectEndpoint(InternalExecRuntime.java:172)
	at org.apache.hc.client5.http.impl.classic.ConnectExec.execute(ConnectExec.java:142)
	at org.apache.hc.client5.http.impl.classic.ExecChainElement.execute(ExecChainElement.java:51)
	at org.apache.hc.client5.http.impl.classic.ProtocolExec.execute(ProtocolExec.java:192)
	at org.apache.hc.client5.http.impl.classic.ExecChainElement.execute(ExecChainElement.java:51)
	at org.apache.hc.client5.http.impl.classic.HttpRequestRetryExec.execute(HttpRequestRetryExec.java:113)
	at org.apache.hc.client5.http.impl.classic.ExecChainElement.execute(ExecChainElement.java:51)
	at org.apache.hc.client5.http.impl.classic.ContentCompressionExec.execute(ContentCompressionExec.java:152)
	at org.apache.hc.client5.http.impl.classic.ExecChainElement.execute(ExecChainElement.java:51)
	at org.apache.hc.client5.http.impl.classic.RedirectExec.execute(RedirectExec.java:116)
	at org.apache.hc.client5.http.impl.classic.ExecChainElement.execute(ExecChainElement.java:51)
	at org.apache.hc.client5.http.impl.classic.InternalHttpClient.doExecute(InternalHttpClient.java:170)
	at org.apache.hc.client5.http.impl.classic.CloseableHttpClient.execute(CloseableHttpClient.java:87)
	at org.apache.hc.client5.http.impl.classic.CloseableHttpClient.execute(CloseableHttpClient.java:55)
	at org.apache.hc.client5.http.classic.HttpClient.executeOpen(HttpClient.java:183)
	at org.springframework.http.client.HttpComponentsClientHttpRequest.executeInternal(HttpComponentsClientHttpRequest.java:99)
	at org.springframework.http.client.AbstractStreamingClientHttpRequest.executeInternal(AbstractStreamingClientHttpRequest.java:70)
	at org.springframework.http.client.AbstractClientHttpRequest.execute(AbstractClientHttpRequest.java:66)
	at org.springframework.http.client.InterceptingClientHttpRequest$InterceptingRequestExecution.execute(InterceptingClientHttpRequest.java:112)
	at org.springframework.cloud.netflix.eureka.http.RestTemplateTransportClientFactory.lambda$restTemplate$3(RestTemplateTransportClientFactory.java:170)
	at org.springframework.http.client.InterceptingClientHttpRequest$InterceptingRequestExecution.execute(InterceptingClientHttpRequest.java:88)
	at org.springframework.http.client.InterceptingClientHttpRequest.executeInternal(InterceptingClientHttpRequest.java:72)
	at org.springframework.http.client.AbstractBufferingClientHttpRequest.executeInternal(AbstractBufferingClientHttpRequest.java:48)
	at org.springframework.http.client.AbstractClientHttpRequest.execute(AbstractClientHttpRequest.java:66)
	at org.springframework.web.client.RestTemplate.doExecute(RestTemplate.java:889)
	... 22 more

2025-11-21 01:40:17 [DiscoveryClient-InstanceInfoReplicator-%d] WARN  c.n.d.s.t.d.RetryableEurekaHttpClient - Request execution failed with message: I/O error on POST request for "http://eureka-server:8761/eureka/apps/LOGISTICA": Connect to http://eureka-server:8761 [eureka-server/172.18.0.5] failed: Connection refused
2025-11-21 01:40:17 [DiscoveryClient-InstanceInfoReplicator-%d] WARN  c.netflix.discovery.DiscoveryClient - DiscoveryClient_LOGISTICA/logistica:8081 - registration failed Cannot execute request on any known server
com.netflix.discovery.shared.transport.TransportException: Cannot execute request on any known server
	at com.netflix.discovery.shared.transport.decorator.RetryableEurekaHttpClient.execute(RetryableEurekaHttpClient.java:112)
	at com.netflix.discovery.shared.transport.decorator.EurekaHttpClientDecorator.register(EurekaHttpClientDecorator.java:56)
	at com.netflix.discovery.shared.transport.decorator.EurekaHttpClientDecorator$1.execute(EurekaHttpClientDecorator.java:59)
	at com.netflix.discovery.shared.transport.decorator.SessionedEurekaHttpClient.execute(SessionedEurekaHttpClient.java:76)
	at com.netflix.discovery.shared.transport.decorator.EurekaHttpClientDecorator.register(EurekaHttpClientDecorator.java:56)
	at com.netflix.discovery.DiscoveryClient.register(DiscoveryClient.java:828)
	at com.netflix.discovery.InstanceInfoReplicator.run(InstanceInfoReplicator.java:125)
	at com.netflix.discovery.InstanceInfoReplicator$2.run(InstanceInfoReplicator.java:105)
	at java.base/java.util.concurrent.Executors$RunnableAdapter.call(Executors.java:572)
	at java.base/java.util.concurrent.FutureTask.run(FutureTask.java:317)
	at java.base/java.util.concurrent.ScheduledThreadPoolExecutor$ScheduledFutureTask.run(ScheduledThreadPoolExecutor.java:304)
	at java.base/java.util.concurrent.ThreadPoolExecutor.runWorker(ThreadPoolExecutor.java:1144)
	at java.base/java.util.concurrent.ThreadPoolExecutor$Worker.run(ThreadPoolExecutor.java:642)
	at java.base/java.lang.Thread.run(Thread.java:1583)
2025-11-21 01:40:17 [DiscoveryClient-InstanceInfoReplicator-%d] WARN  c.n.discovery.InstanceInfoReplicator - There was a problem with the instance info replicator
com.netflix.discovery.shared.transport.TransportException: Cannot execute request on any known server
	at com.netflix.discovery.shared.transport.decorator.RetryableEurekaHttpClient.execute(RetryableEurekaHttpClient.java:112)
	at com.netflix.discovery.shared.transport.decorator.EurekaHttpClientDecorator.register(EurekaHttpClientDecorator.java:56)
	at com.netflix.discovery.shared.transport.decorator.EurekaHttpClientDecorator$1.execute(EurekaHttpClientDecorator.java:59)
	at com.netflix.discovery.shared.transport.decorator.SessionedEurekaHttpClient.execute(SessionedEurekaHttpClient.java:76)
	at com.netflix.discovery.shared.transport.decorator.EurekaHttpClientDecorator.register(EurekaHttpClientDecorator.java:56)
	at com.netflix.discovery.DiscoveryClient.register(DiscoveryClient.java:828)
	at com.netflix.discovery.InstanceInfoReplicator.run(InstanceInfoReplicator.java:125)
	at com.netflix.discovery.InstanceInfoReplicator$2.run(InstanceInfoReplicator.java:105)
	at java.base/java.util.concurrent.Executors$RunnableAdapter.call(Executors.java:572)
	at java.base/java.util.concurrent.FutureTask.run(FutureTask.java:317)
	at java.base/java.util.concurrent.ScheduledThreadPoolExecutor$ScheduledFutureTask.run(ScheduledThreadPoolExecutor.java:304)
	at java.base/java.util.concurrent.ThreadPoolExecutor.runWorker(ThreadPoolExecutor.java:1144)
	at java.base/java.util.concurrent.ThreadPoolExecutor$Worker.run(ThreadPoolExecutor.java:642)
	at java.base/java.lang.Thread.run(Thread.java:1583)
